title,url,poster_url,release_date,rating,runtime,certificate,director,overview,language,cast,tmdb_id
Practical Magic 2,https://cinejoy.to/movie/1302904-practical-magic-2-2026,https://image.tmdb.org/t/p/w780/nUcauJ000dFBYkgGpxyxJ5aWEH2.jpg,"Sep 9, 2026",6.2,2h 10m,PG-13,Susanne Bier,The Owens sisters must confront the dark curse that threatens to unravel their family once and for all.,EN,Sandra Bullock | Sally Owens | Nicole Kidman | Gillian Owens | Joey King | Kylie Owens | Maisie Williams | Antonia Owens | Xolo Maridueña | Gideon | Lee Pace | Ian Wright | Dianne Wiest | Aunt Jet | Stockard Channing | Aunt Frances | Solly McLeod | Thomas Lockland,1302904
Drawn Together,https://cinejoy.to/movie/1440098-drawn-together-2026,https://image.tmdb.org/t/p/w780/oZkk6B15Ak4uTa2aVrJaDmSk3Xl.jpg,"Sep 9, 2026",6.599,104,,Óscar Pedraza,"Marfil Cortés, a daughter of a wealthy Spanish businessman, is kidnapped and released, leading her father to hire Sebastian Moore as a bodyguard. Despite initial clashes, they form an irremediable attraction, navigating a world where no one is who they say they are.",ES,Ester Expósito | Marfil Cortés | Hugo Diego Garcia | Sebastian Moore | Eric Masip | Iván | Pablo Molinero | Alejandro | Zoe Bonafonte | Gabriela | Lluís Homar | Logan | Joaquín Ferreira | Ray,1440098
Runner,https://cinejoy.to/movie/1377237-runner-2026,https://image.tmdb.org/t/p/w780/2c9zNZJL0ZdagD6JbmU3hH4hovs.jpg,"Sep 10, 2026",9.2,1h 37m,PG-13,Scott Waugh,A former soldier and his unlikely partner become the targets of a ruthless cartel while racing to complete a critical medical delivery and save the life of a little girl.,EN,Alan Ritchson | Hank Malone | Owen Wilson | Ben | Rodrigo Santoro | Damian | Leila George | Kate | Adriana Barraza | Donna | Peta Sergeant | Julie | Scarlett Crabtree | Ellie Baker | Geraldine Hakewill | Monica | Goran D. Kleut | Luke | A | Adam Fraser,1377237
Resident Evil,https://cinejoy.to/movie/1423191-resident-evil-2026,https://image.tmdb.org/t/p/w780/qe7ip5bsuGGdrEfkKuXpZoJ0beK.jpg,"Sep 16, 2026",9.2,1h 30m,R,Zach Cregger,"Medical courier Bryan unwittingly finds himself fighting for survival as one fateful, horrifying night collapses around him in chaos.",EN,Austin Abrams | Bryan | Zach Cherry | Dave | Kali Reis | Pauline | Paul Walter Hauser | Carl | Johnno Wilson | Max,1423191
Forgotten Island,https://cinejoy.to/movie/1465063-forgotten-island-2026,https://image.tmdb.org/t/p/w780/A6noTWmgHFuF0hzhVZXQxWMRi7s.jpg,"Sep 16, 2026",8.75,1h 49m,PG,Januel Mercado,"While celebrating their last night together, high school graduates and best friends Jo and Raissa stumble upon a mysterious portal that transports them to the fantastical island of Nakali. When they discover that the memories of their entire friendship are the price for returning home, Jo and Raissa must race to find a way to leave the island before they forget each other forever.",EN,H.E.R. | Jo (voice) | Liza Soberano | Raissa (voice) | Dave Franco | Raww (voice) | Lea Salonga | Manang (voice) | Manny Jacinto | Bungi (voice) | Jenny Slate | Batiba (voice) | Dolly de Leon | Lola Fatima (voice) | Jo Koy | Datu (voice) | Ronny Chieng | King Truffle Wuffle (voice) | Amielynn Abellera | (voice),1465063
The Weight,https://cinejoy.to/movie/1433583-the-weight-2026,https://image.tmdb.org/t/p/w780/doKGNHnbawL8bsIAfkZH6AA2To3.jpg,"Sep 16, 2026",7.5,1h 55m,R,Padraic McKinley,"When Samuel is torn from his daughter and sent to a brutal prison, Warden Clancy offers him a high-stakes proposition: smuggle gold out of a remote mine with a dangerous crew of prisoners and he’ll win his freedom.",EN,Ethan Hawke | Samuel Murphy | Russell Crowe | Warden Clancy | Julia Jones | Anna | Austin Amelio | Rankin | Avi Nash | Singh | Lucas Lynggaard Tønnesen | Olson | Sam Hazeldine | Amis | George Burgess | Letender | Jeff Hallman | Big | Alec Newman | Taggert,1433583
Heart of the Beast,https://cinejoy.to/movie/1263337-heart-of-the-beast-2026,https://image.tmdb.org/t/p/w780/bzi1j7GgxQMOwii5yDI2bsZ1PY6.jpg,"Sep 19, 2026",0.0,1h 41m,PG-13,David Ayer,"After a harrowing plane crash, Special Forces officer James Belmont and his combat dog, Odin, find themselves stranded deep in the Alaskan wilderness. Together, they are forced into a brutal fight for survival against the elements.",EN,Brad Pitt | James Belmont | J.K. Simmons | Anna Lambe,1263337
The Love Hypothesis,https://cinejoy.to/movie/1032863-the-love-hypothesis-2026,https://image.tmdb.org/t/p/w780/b17uij6YoqTsWLO3V9NMQmGzTeA.jpg,"Sep 23, 2026",0.0,0,R,Claire Scanlon,"Olive Smith, a biology PhD candidate, and Dr. Adam Carlsen, a hotshot professor and well-known tyrant, enter into a fake relationship, seeing each of their carefully calculated theories on love get thrown into chaos.",EN,Lili Reinhart | Olive Smith | Tom Bateman | Dr. Adam Carlsen | Rachel Marsh | Anh | Nicholas Duvernay | Jeremy | Jaboukie Young-White | Malcolm | Arty Froushan | Tom,1032863
Possible Love,https://cinejoy.to/movie/1483525-possible-love-2026,https://image.tmdb.org/t/p/w780/kPbyLj2OyjojqvR1jfK1VvXzabg.jpg,"Sep 23, 2026",0.0,2h 45m,R,Lee Chang-dong,A laid-off worker and his wife cross paths with a documentary filmmaker and her spouse and confront their hidden desires.,KO,Jeon Do-yeon | Mi-ok | Sul Kyung-gu | Ho-seok | Zo In-sung | Sang-woo | Cho Yeo-jeong | Ye-ji | Jo Yuri,1483525
Primetime,https://cinejoy.to/movie/1375441-primetime-2026,https://image.tmdb.org/t/p/w780/8Ba87JJp099Ml6M2TBazNMjguS.jpg,"Sep 23, 2026",0.0,1h 50m,R,Lance Oppenheim,"In 2006, To Catch a Predator host Chris Hansen sets out to make television history.",EN,Robert Pattinson | Chris Hansen | Merritt Wever | Andie Bender | Skyler Gisondo | Dan Plumb | Phoebe Bridgers | Del Harvey | Matthew Maher | Xavier Von Erck | Bokeem Woodbine | Cortland Gunn | Anna Faris | Mary Joan Hansen | Eric Rahill | Creed Bratton | Jonathan Lipnicki | Actor | Alex Winter | Bill Conradt,1375441
Death Whisperer: Saming the Werebeast,https://cinejoy.to/movie/1556321-death-whisperer-saming-the-werebeast-2026,https://image.tmdb.org/t/p/w780/ssg1qGCCRQEkwBNWHItDppBRQE2.jpg,"Sep 30, 2026",0.0,1h 51m,,Narit Yuvaboon,"Follows the search for a missing military officer in the jungle of Khao Khwang, where legend says man-eating tiger spirit Saming takes human form in 1960s Thailand.",TH,Nadech Kugimiya | Yak | Ongart Cheamcharoenpornkul | Sergeant Paphan | Maylada Susri | Nampetch | Wichapas Sumettikul | Thewin | Sahajak Boonthanakit | Rit | Akarin Akaranitimaytharatt | Phadej | Dan Chupong | Thap | C | Chanintorn Jitpreeda | Wuth | N | Natthachai Sirinanthachot | Nom,1556321
Other Mommy,https://cinejoy.to/movie/1400837-other-mommy-2026,https://image.tmdb.org/t/p/w780/yf5EKtrTKM8pla1TpNA5TsZgoTp.jpg,"Oct 7, 2026",0.0,93,R,Rob Savage,"A young girl, Bela, forms a relationship with a sinister entity in her home who looks uncannily like her own mother.",EN,Jessica Chastain | Ursula / Other Mommy | Arabella Olivia Clark | Bela | Jay Duplass | Russ | Dichen Lachman | Arian Moayed | Karen Allen | Grandma Ruth | Sean Kaufman | Adam Silver | Carrie Dimaculangan | Callie | Travis Nelson | Tony | Hayley Spelman | Other Mommy | R | Rosie Anne O'Gorman,1400837
Bokshi,https://cinejoy.to/movie/718833-bokshi-2026,https://image.tmdb.org/t/p/w780/8XPPKEgO7sJs0rP53h3kUPT1tTW.jpg,"Oct 9, 2026",0.0,2h 22m,R,Bhargav Saikia,"Anahita, traumatised by the brutal disappearance of her mother, finds comfort in Shalini, her history teacher. On an unconventional school excursion to a mysterious prehistoric site, she confronts her terrifying destiny.",HI,Prasanna Bisht | Anahita | Mansi Multani | Shalini | Swaroopa Ghosh | Kadambari | R | Rohit Tiwari | Lalit | S | Sandeep Shridhar Dhabale | Avinash | Shernaz Patel | Bokshi (voice) | S | Siddharth Shaw | Rishav | T | Trishala Tamang | Punam,718833
Street Fighter,https://cinejoy.to/movie/1153576-street-fighter-2026,https://image.tmdb.org/t/p/w780/5YfPIIMzGBkIjHt3PTXBWyfBTGS.jpg,"Oct 14, 2026",0.0,2h 5m,PG-13,Kitao Sakurai,"In 1993, estranged Street Fighters Ryu and Ken Masters are thrown back into combat when the mysterious Chun-Li recruits them for the next World Warrior Tournament: a brutal clash of fists, fate, and fury. But behind this battle royale lies a deadly conspiracy that forces them to face off against each other and the demons of their past. And if they don't, it's GAME OVER!",EN,Andrew Koji | Ryu | Noah Centineo | Ken Masters | Callina Liang | Chun-Li | Joe Anoa'i | Akuma | David Dastmalchian | M. Bison | Cody Rhodes | Guile | Andrew Schulz | Dan Hibiki | Eric André | Don Sauvage | Vidyut Jammwal | Dhalsim | Mel Jarnson | Cammy,1153576
The Mongoose,https://cinejoy.to/movie/1294189-the-mongoose-2026,https://image.tmdb.org/t/p/w780/9f0SZYEElYbjj9syw5aZREnfeDt.jpg,"Oct 30, 2026",0.0,1h 39m,,Mark Vanselow,"A falsely accused war hero with nothing to lose leads police on an epic televised cross-country car chase, helped by members of his former Special Forces Army battalion and closely monitored by a fascinated public rooting for his safe getaway.",EN,Liam Neeson | Ryan 'Fang' Flanagan | Marisa Tomei | Tara | Ving Rhames | Tanker | Michael Chiklis | Major Walter Pope | Brett Tucker | Todd | Stella Stocker | Helene (voice) | Hamish Michael | Captain Parks | Toby Truslove | Captain McBride | Eddie Baroo | Veteran Seth | M | Maurice Marvel Meredith,1294189
Wild Horse Nine,https://cinejoy.to/movie/891621-wild-horse-nine-2026,https://image.tmdb.org/t/p/w780/3uLA0ujne91bkzFStZICCYeqhnt.jpg,"Nov 4, 2026",0.0,1h 58m,R,Martin McDonagh,"Shortly before the 1973 Chilean coup, CIA agents Chris and Lee are dispatched from Santiago to Easter Island by their bureau chief, MJ. Amongst the Island's iconic statues, and as the longtime partners wrestle with their dark pasts and present conspiracies, Chris's newfound bond with a pair of rebellious students threatens to send everyone’s trip to this remote paradise sideways.",EN,John Malkovich | Chris | Sam Rockwell | Lee | Steve Buscemi | MJ | Mariana di Girolamo | Monica | Ailín Salas | Alicia | Tom Waits | Parker Posey | Marge | Paola Giannini | S | Samuel Wayt | Teenage Kid,891621
Dune: Part Three,https://cinejoy.to/movie/1170608-dune-part-three-2026,https://image.tmdb.org/t/p/w780/dXOqWj2kjJQkHNbfoS8iYzbuwO3.jpg,"Dec 15, 2026",0.0,2h 20m,PG-13,Denis Villeneuve,Emperor Paul Atreides faces the fallout from his ascent to power as political plots and a galaxy-wide holy war endanger the future only he can see.,EN,Timothée Chalamet | Paul Atreides | Zendaya | Chani | Jason Momoa | Hayt | Florence Pugh | Princess Irulan | Rebecca Ferguson | Lady Jessica | Isaach de Bankolé | Farok | Charlotte Rampling | Reverend Mother Mohiam | Anya Taylor-Joy | Alia Atreides | Robert Pattinson | Scytale | Javier Bardem | Stilgar,1170608
Avengers: Doomsday,https://cinejoy.to/movie/1003596-avengers-doomsday-2026,https://image.tmdb.org/t/p/w780/uttJRcb0wwlrH71w7PQNr8AktD2.jpg,"Dec 16, 2026",0.0,2h 45m,,Joe Russo,Beloved heroes from three distinct universes are set on a deadly collision course and face an existential threat unlike anything they've ever encountered.,EN,Robert Downey Jr. | Victor von Doom / Doctor Doom | Chris Evans | Steve Rogers | Chris Hemsworth | Thor | Pedro Pascal | Reed Richards / Mister Fantastic | Paul Rudd | Scott Lang / Ant-Man | Anthony Mackie | Sam Wilson / Captain America | Florence Pugh | Yelena Belova | Vanessa Kirby | Sue Storm / Invisible Woman | Ebon Moss-Bachrach | Ben Grimm / The Thing | Wyatt Russell | John Walker,1003596
Ice Age: Boiling Point,https://cinejoy.to/movie/1384758-ice-age-boiling-point-2027,https://image.tmdb.org/t/p/w780/1Ky8ZGo6AQTNahyDg24grfhEUPu.jpg,"Feb 3, 2027",0.0,0,PG,John Donkin,"A dinosaur-and-lava-filled madcap adventure takes Manny, Sid, Diego, Ellie, Buck, acorn-obsessed Scrat – this time joined by Baby Scrat and the enormous Jurassic Scrat – and the rest of the herd to visit never before-seen corners of the treacherous Lost World.",EN,Ray Romano | Manny (voice) | Denis Leary | Diego (voice) | John Leguizamo | Sid (voice) | Simon Pegg | Buck (voice) | Queen Latifah | Ellie (voice) | Seann William Scott | Crash (voice) | Josh Peck | Eddie (voice) | Jennifer Lopez | Shira (voice) | Jessie J | Brooke (voice) | Keke Palmer | Peaches (voice),1384758
Avengers: Secret Wars,https://cinejoy.to/movie/1003598-avengers-secret-wars-2027,https://image.tmdb.org/t/p/w780/rytc6Lf4447C0CDncwFa4gxe0vY.jpg,"Dec 15, 2027",0.0,0,,Joe Russo,An upcoming film in Phase Six of the Marvel Cinematic Universe (MCU) and the finale of The Multiverse Saga.,EN,Robert Downey Jr. | Victor von Doom / Doctor Doom | Pedro Pascal | Reed Richards / Mister Fantastic | Vanessa Kirby | Sue Storm / Invisible Woman | Ebon Moss-Bachrach | Ben Grimm / The Thing | Joseph Quinn | Johnny Storm / Human Torch | Sebastian Stan | Bucky Barnes / Winter Soldier | Florence Pugh | Yelena Belova | David Harbour | Alexei Shostakov | Wyatt Russell | John Walker | Hannah John-Kamen | Ava Starr,1003598
Spider-Man: Brand New Day,https://cinejoy.to/movie/969681-spider-man-brand-new-day-2026,https://image.tmdb.org/t/p/w500/bjiS5ipwxb9JFy3XRRN4OAilSeX.jpg,"Jul 29, 2026",7.9,2h 25m,PG-13,Destin Daniel Cretton,Fighting crime full-time as Spider-Man in a world that doesn't remember him—and the pressure of seeing his old friends move on without him—sparks a change in Peter Parker he may not have the power to control. But that transformation might also be the only thing that can stop a shocking new threat to the city and those he loves - a powerful villain no one can even see.,EN,Tom Holland | Peter Parker / Spider-Man | Zendaya | MJ | Mark Ruffalo | Bruce Banner / Hulk | Jon Bernthal | Frank Castle / Punisher | Jacob Batalon | Ned Leeds | Sadie Sink | Jean Grey | Florence Pugh | Yelena Belova / Black Widow | Liza Colón-Zayas | Detective Jean DeWolff | Tramell Tillman | William 'Bill' Metzger | Marisa Tomei | May Parker,969681
The Odyssey,https://cinejoy.to/movie/1368337-the-odyssey-2026,https://image.tmdb.org/t/p/w500/5rhTDKUhPYvpdQIijFIs5VoWsON.jpg,"Jul 15, 2026",8.0,2h 53m,R,Christopher Nolan,"Odysseus, the legendary King of Ithaca, embarks on a long and perilous journey home following the Trojan War. Throughout his voyage, he is forced to confront the whims of gods, mythological monsters, and trials that stretch both his cunning and his humanity to the breaking point.",EN,Matt Damon | Odysseus | Tom Holland | Telemachus | Anne Hathaway | Penelope | Robert Pattinson | Antinous | Himesh Patel | Eurylochus | Charlize Theron | Calypso | John Leguizamo | Eumaeus | Travis Scott | Bard | Corey Hawkins | Polybus | Jarreth J. Merz | Leodes,1368337
Mutiny,https://cinejoy.to/movie/1288445-mutiny-2026,https://image.tmdb.org/t/p/w500/pu2VxGlpGwffOx292w18b1tv96j.jpg,"Aug 19, 2026",6.4,1h 35m,R,Jean-François Richet,"After witnessing his billionaire boss' murder and being framed for the crime, Cole Reed boards a cargo ship on a one-man crusade to avenge his boss' death only to discover an international conspiracy.",EN,Jason Statham | Cole Reed | Annabelle Wallis | Angie Ellis | Roland Møller | Captain Marko Madsen | Ramon Tikaram | Tibu Campallo | Arnas Fedaravičius | Mateo Pineda | Jason Wong | Taran | Adrian Lester | Captain Adam Spencer | Chaneil Kular | Kameron Campallo | Andrew John Tait | BK Lobby Businessman | Simon Kluth | Jaran Daniles,1288445
Coyote vs. Acme,https://cinejoy.to/movie/1204680-coyote-vs-acme-2026,https://image.tmdb.org/t/p/w500/orkLtdgMGiO9rTVMqJ1kKwrnup1.jpg,"Aug 20, 2026",7.6,1h 43m,PG,Dave Green,"After Acme products fail him one too many times in his dogged pursuit of the Roadrunner, Wile E. Coyote decides to hire a billboard lawyer to sue the Acme Corporation.",EN,Will Forte | Kevin Avery | Lana Condor | Paige Avery | John Cena | Buddy Crane | Tone Bell | Sal Maltese | Martha Kelly | Dottie Jones | Luis Guzmán | Judge Troppogrosso | P.J. Byrne | Bill Pellicanos | John Early | Henry Heslop | Nancy Linehan Charles | Cherry | Kenneth Choi | Oscar Jeon,1204680
Shape of My Heart,https://cinejoy.to/movie/1285366-shape-of-my-heart-2024,https://image.tmdb.org/t/p/w500/3r0O6BW9USoZ9mteCVyNKMQriRL.jpg,"Jul 6, 2024",5.2,1h 31m,,Shinji Imaoka,"A romance about a man and a woman who, due to an unexpected event, end up switching bodies. Despite coming from completely different backgrounds and environments, the two try to overcome the various difficulties that arise from their body swap.",JA,Keisuke Koide | Henmi Takashi | K | Kei Fubuki | Yokozawa Satomi | Manami Shindo | Yurina | Yohta Kawase | Kotaro Tanaka | [Gay bar owner] | Norimasa Fuke | A | Araki Futaba,1285366
The Runner,https://cinejoy.to/movie/1386315-the-runner-2026,https://image.tmdb.org/t/p/w500/uxCaBoYXsDC4A0SqTm3SISj0OwK.jpg,"Sep 3, 2026",6.7,1h 26m,PG-13,Kevin Macdonald,"Maia Marten, a brilliant London lawyer, has her life shattered by a single call on her morning run: her son has been taken. To get him back, she must keep running, obey every ruthless command, and trust no one-each second a test of how far a mother will go to save her child.",EN,Gal Gadot | Maia | Damian Lewis | The Caller | Rory Wilmot | Noah | Alfred Enoch | Ted | Phoenix Di Sebastiani | Tafa | Nathan Kirby | Wiry Dude | Hélder Fernandes | Buddy | Will Austin | NCA Officer 1 | Mark Hampton | NCA Officer 2 | Stevie Binns | NCA Officer 3,1386315
Colony,https://cinejoy.to/movie/1375646-colony-2026,https://image.tmdb.org/t/p/w500/tN799oUR0f1gUKDYdMNrDaY7I51.jpg,"May 21, 2026",8.1,2h 3m,R,Yeon Sang-ho,"Professor Se-jeong is thrust into a bloody nightmare when a rapidly mutating virus is released during a biotech conference causing authorities to seal the facility. Trapped inside with no escape, Se-jeong along with a small group of survivors must fight to stay alive while the infected undergo horrific transformations.",KO,Gianna Jun | Kwon Se-jeong | Koo Kyo-hwan | Seo Young-cheol | Ji Chang-wook | Choi Hyun-seok | Kim Shin-rock | Choi Hyun-hee | Shin Hyun-been | Kong Seol-hee | Go Soo | Han Kyu-seong | Lee Joong-ok | Lee Bong-seok | Kim Jong-tae | Kang Woo-cheol | Hwang Jae-yeol | Citizen | Lee Dam-hee | Lee So-eun,1375646
The Last Sunrise,https://cinejoy.to/movie/1516698-the-last-sunrise-2026,https://image.tmdb.org/t/p/w500/3PWJqDfygN0YNNjWsDUOXclCp3h.jpg,"Aug 26, 2026",6.6,1h 47m,R,Carlson Young,"Ry, a college student with a chronic illness, escapes to Mallorca for the summer with her mother, where she unexpectedly falls for a local and begins to embrace living in the moment. But as her condition worsens and long-hidden family secrets come to light, everything she has found before summer's end is threatened.",EN,Maia Reficco | Oriah 'Ry' Pera | Fernando Lindez | Julián | Eva Longoria | Isolde Pera | Chloé Sweetlove | Amara | Andrés Velencoso | Mateo | Stefanie Martini | Lena | Sabrina Bartlett | Prisha | Àlex Peracaula | Carlos | Molly B. Thomas | Sofia | Razan Nassar | Chloe,1516698
Obsession,https://cinejoy.to/movie/1339713-obsession-2026,https://image.tmdb.org/t/p/w500/bRwnj8WEKBCvmfeUNOukJPwB43K.jpg,"May 13, 2026",8.2,1h 49m,R,Curry Barker,"After breaking the mysterious ""One Wish Willow"" to win his crush's heart, a hopeless romantic finds himself getting exactly what he asked for but soon discovers that some desires come at a dark, sinister price.",EN,Michael Johnston | Bear | Inde Navarrette | Nikki | Cooper Tomlinson | Ian | Megan Lawless | Sarah | Andy Richter | Carter | Haley Fitzgerald | Viola | Darin Toonder | Harry | Anthony Pavone | Reggie | Justice | Joe | Anthony Casabianca | Chris,1339713
Toxic: A Fairy Tale for Grown-ups,https://cinejoy.to/movie/1213243-toxic-a-fairy-tale-for-grown-ups-2026,https://image.tmdb.org/t/p/w500/oiIPU4lvnI0Ag2K9cyAi44eCaoE.jpg,"Aug 26, 2026",8.0,3h 12m,,Geetu Mohandas,"A powerful drug cartel pulls the strings behind a facade of sun-soaked beaches as a gritty, violent underworld power struggle emerges during the crumbling of Portuguese colonial rule.",KN,Yash | Raya / Ticket | Kiara Advani | Nadia | Nayanthara | Ganga | Huma Qureshi | Elizabeth | Tara Sutaria | Rebecca | Rukmini Vasanth | Mellisa | Sudev Nair | Karmadi | Akshay Oberoi | Tony | Balaji Manohar | Bheera | Darrell D'Silva | Salvador,1213243
Facing El Chapo,https://cinejoy.to/movie/1621552-facing-el-chapo-2026,https://image.tmdb.org/t/p/w500/z8eF0ACFFKtIZ4pUeo02PCzxRVO.jpg,"Aug 21, 2026",8.8,1h 31m,R,Chava Cartas,Two Mexican officers must survive the final hours of their shift after crossing a ruthless cartel boss.,ES,Alfonso Herrera | Carmona | Noé Hernández | Rosales | Hector Kotsifakis | El Chapo Guzmán | J | Juan Pablo Cruz García | Cholo Iván | Paola Fernández | Isaura | A | Antonio Fortier | Barraza | A | Allan Durell | Ortega | Gerardo Trejoluna | Valladares | I,1621552
The Whisper Man,https://cinejoy.to/movie/860508-the-whisper-man-2026,https://image.tmdb.org/t/p/w500/6UqflU8Qqkz7Dq4swJPqs0ZJjY4.jpg,"Aug 27, 2026",6.8,1h 54m,R,James Ashcroft,"When his young son vanishes, a widower enlists help from his estranged father, a retired detective who put away the serial killer now linked to the case.",EN,Robert De Niro | Peter Willis | Michelle Monaghan | Amanda Beck | Adam Scott | Tom Kennedy | Acston Luca Porto | Jake Kennedy | Michael Keaton | Frank Carter | Owen Teague | Frank Carter Jr. | Hamish Linklater | Norman Collins | Will Brill | Sgt. John Dyson | Aniela Zeig | Little Girl | Exavier Montanez | Neil Spencer,860508
Ghost in the Cell,https://cinejoy.to/movie/1393326-ghost-in-the-cell-2026,https://image.tmdb.org/t/p/w500/zxcMdx0w5Zmg8yZuuiS7CJ8vOea.jpg,"Apr 16, 2026",7.1,1h 46m,R,Joko Anwar,"In a notorious prison, an invisible force begins killing inmates brutally, compelling enemy gangs and corrupt guards to work together as they try to survive the mounting bloodshed.",ID,Abimana Aryasatya | Anggoro | Bront Palarae | Jefry | Dimas Danang | Irfan | Endy Arfian | Dimas | Lukman Sardi | Pendi | Mike Lucock | Wildan | Yoga Pratama | Six | Morgan Oey | Bimo | Aming | Tokek | Rio Dewanto | Endy,1393326
Toy Story 5,https://cinejoy.to/movie/1084244-toy-story-5-2026,https://image.tmdb.org/t/p/w500/9VWplgfRcYkUao9QGQXUP3rWQK7.jpg,"Jun 17, 2026",8.3,1h 42m,PG,Andrew Stanton,"When Bonnie receives a Lilypad tablet as a gift and becomes obsessed, Buzz, Woody, Jessie and the rest of the gang's jobs become exponentially harder when they have to go head to head with the all-new threat to playtime.",EN,Joan Cusack | Jessie (voice) | Tom Hanks | Woody (voice) | Tim Allen | Buzz Lightyear (voice) | Conan O'Brien | Smarty Pants (voice) | Scarlett Spears | Bonnie (voice) | Greta Lee | Lilypad (voice) | Shelby Rabara | Snappy (voice) | Mykal-Michelle Harris | Blaze (voice) | Craig Robinson | Atlas (voice) | Jay Hernandez | Bonnie’s Dad (voice),1084244
Rage of Stars,https://cinejoy.to/movie/1323244-rage-of-stars-2026,https://image.tmdb.org/t/p/w500/oLld47ZT1I3iecM3OWhIphohQUJ.jpg,"Aug 6, 2026",5.9,1h 46m,,Łukasz Róg,"A story about a woman from the International Special Forces Unit, who has a premonition about the impending end of humanity.",EN,Andrea Tivadar | Jemma | Jord Knotter | Luk | Jack McEvoy | Kriss | Elijah Rowen | Tom | Małgorzata Klara | Commander | M | Mayu Gralińska Sakai | Maya | J | Jakub Ormaniec | Mike,1323244
Above & Below,https://cinejoy.to/movie/1514682-above-below-2026,https://image.tmdb.org/t/p/w500/7bOuu1SRALGwsG2fLCTvRkCmQBj.jpg,"Jul 29, 2026",6.3,1h 36m,,Jesse V. Johnson,A group of friends set off for an unforgettable vacation. What begins as an adventure of partying and diving quickly turns into a nightmare when they are attacked by criminals in open waters.,EN,Laura Marano | Tatiana | Christina Ochoa | Mario Tardón | Antonio Banderas | Burns | Ramiro Alonso | Ryan Bertroche | Jess Liaudin | D | Diego Llinás | Louis Mandylor | Timothy V. Murphy | Rodrigo Poisón | Donncha Tynan | TJ,1514682
Minions & Monsters,https://cinejoy.to/movie/1315772-minions-monsters-2026,https://image.tmdb.org/t/p/w500/4LwvU9SZc8QQzW1X1FAPhNbXnEU.jpg,"Jun 24, 2026",7.6,1h 30m,PG,Pierre Coffin,"This is the rambunctious, ridiculous and totally true story of how the Minions conquered Hollywood, became movie stars, lost everything, unleashed monsters onto the world and then banded together to try and save the planet from the mayhem they had just created.",EN,Pierre Coffin | The Minions (voice) | Trey Parker | Goomi (voice) | Christoph Waltz | Max (voice) | Allison Janney | Olivia (voice) | Jesse Eisenberg | Dort (voice) | Jeff Bridges | Frank / Elwood (voice) | Zoey Deutch | Debbie (voice) | Bobby Moynihan | Phillips (voice) | Phil LaMarr | Howard (voice) | George Lucas | George Lucas (voice),1315772
Pinocchio: Unstrung,https://cinejoy.to/movie/1232569-pinocchio-unstrung-2026,https://image.tmdb.org/t/p/w500/eUJXk3bTvLBi5Zcb0BCedZU7lVL.jpg,"Jul 22, 2026",6.6,1h 22m,,Rhys Frake-Waterfield,"Influenced by a sinister Cricket and created by Geppetto, Pinocchio launches a violent crusade to carve himself into a real boy like his brother James, one piece at a time.",EN,Jude Evan Lloyd | Pinocchio (voice) | Cameron Bell | James | Richard Brake | Geppetto | Jessica Balmer | Mia | Jack Art Gray | Dudley | Robert Englund | Cricket (voice) | Emma Tate | Woodmother (voice) | Toni Olabanji | Trey | Luca Marandola | Logan | Karolina Ugrenyuk | Amanda,1232569
Moana,https://cinejoy.to/movie/1108427-moana-2026,https://image.tmdb.org/t/p/w500/zKVgiv5qHCvCLT4A2ymJi5QeXDH.jpg,"Jul 8, 2026",6.2,1h 55m,PG,Thomas Kail,"Teenage Moana answers the Ocean's call and, for the first time, voyages beyond the reef of her island of Motunui with infamous demigod Maui on an unforgettable journey to restore prosperity to her people.",EN,Catherine Lagaʻaia | Moana | Dwayne Johnson | Maui | Rena Owen | Gramma Tala | John Tui | Chief Tui | Frankie Adams | Sina | Jemaine Clement | Tamatoa (voice) | E | Emma Puahi-Shapazian | Moana (4 years old) | A | Amaya Masoli | Moana (8 years old) | Sam Puefua | Village Fisherman,1108427
Batman: Knightfall Part 1: Knightfall,https://cinejoy.to/movie/1560520-batman-knightfall-part-1-knightfall-2026,https://image.tmdb.org/t/p/w500/360qdtu2hLnqMu8SVHMywn420w1.jpg,"Jun 23, 2026",9.1,1h 19m,R,Jeff Wamester,"Arkham Asylum has been destroyed, and all its inmates have been unleashed upon Gotham City. As Batman races to round up some of his greatest enemies, he is pushed to his physical and mental limits and into a final confrontation with a new threat: the man called Bane!",EN,Anson Mount | Batman / Bruce Wayne (voice) | Michael Mando | Bane (voice) | Pablo Schreiber | Azrael / Jean-Paul Valley (voice) | Jeff Bennett | Ventriloquist / Scarface / Vincent (voice) | Luis Bermudez | Catman / Doctor / Guard (voice) | Bruce Boxleitner | Commissioner Jim Gordon (voice) | Jessica Camacho | Renee Montoya (voice) | Anthony Crivello | Franco Bertinelli / Priest / Prisoner (voice) | David Dastmalchian | The Riddler (voice) | Jason Flemyng | Mad Hatter (voice),1560520
Digger,https://cinejoy.to/movie/1248832-digger-2026,https://image.tmdb.org/t/p/w500/1ATXKrIPJyKNwnJ6lcG088Sa6zi.jpg,2026-09-30,0.0,0,,Alejandro G. Iñárritu,The most powerful man in the world embarks on a frantic mission to prove he is humanity's savior before the disaster he's unleashed destroys everything.,en,Tom Cruise as Digger Rockwell | Riz Ahmed as Ganesh | John Goodman as President Compson | Sandra Hüller as Emma | Michael Stuhlbarg as Vice President | Jesse Plemons as Kenny | Robert John Burke | Emma D'Arcy as Lina | Burn Gorman as Amos | Sophie Wilde,1248832
Mayday,https://cinejoy.to/movie/1137844-mayday-2026,https://image.tmdb.org/t/p/w500/hVXjX1jLZ1ljFSNGXpjJfbTUOa7.jpg,2026-09-03,8.002,111,,Jonathan Goldstein,"When a U.S. Navy pilot on a top-secret mission during the Cold War gets trapped behind enemy lines, his only chance at survival is to form an alliance with an eccentric ex-KGB agent.",en,Ryan Reynolds as Troy Kelly | Kenneth Branagh as Nikolai Ustinov | Marcin Dorociński as Alexander Volkov | Maria Bakalova as Anna Ustinov | David Morse as Harold Kelly | Clark Johnson as CDR Keith Hardwick | Wendy Crewson as Assistant Director Karen Meadows | Louis Cancelmi as Maj Pete Sanders | Josh Hamilton as Consul General Dan Hennessy | Alex Mallari Jr. as Danny 'Longshot' Bowers,1137844
Clash of the Thundermans,https://cinejoy.to/movie/1506560-clash-of-the-thundermans-2026,https://image.tmdb.org/t/p/w500/16oqRrWVzQm6qdGfBxvziZ2UiMT.jpg,2026-09-03,7.0,72,,Trevor Kirschner,"When Chloe develops a destructive new superpower, the Hero League orders her to an elite boarding school for superheroes to learn control of her abilities. Faced with the prospect of sending Chloe away for years, the Thundermans split apart, with Phoebe, Barb and Billy taking her into hiding. Max, Hank, and Nora track their rogue family members, until the two factions face off against each other in a full-on battle for the Thundermans’ future.",en,Kira Kosarin as Phoebe Thunderman | Jack Griffo as Max Thunderman | Maya Le Clark as Chloe Thunderman | Rosa Blasi as Barb Thunderman | Chris Tallman as Hank Thunderman | Diego Velazquez as Billy Thunderman | Addison Riecke as Nora Thunderman | Daniele Gaither as President Kickbutt | Ariel Winter as Cognita | Dana Snyder as Dr. Colosso (voice),1506560
The End of Oak Street,https://cinejoy.to/movie/1408162-vishwanath-sons-2026,https://image.tmdb.org/t/p/w500/fYXqpgPmHMphSF2W30GbTeJVIa5.jpg,2026-08-12,7.004,100,,David Robert Mitchell,"After a mysterious cosmic event rips Oak Street from suburbia and transports their neighborhood to someplace unknown, the Platt family soon discovers that their very survival depends on them sticking together as they navigate their now unrecognizable surroundings.",en,Anne Hathaway as Denise Platt | Ewan McGregor as Greg Platt | Maisy Stella as Audrey Platt | Christian Convery as Brian Platt | Jordan Alexa Davis as Jeannette Christiansen | P.J. Byrne as Mel Jacobs | Hudson Meek as Kaden Tucker | Anne Gee Byrd as Mrs. Huddleston | Emily Kuroda as Mrs. Valcourt | Simms May as Zachary,1101383
The Rivals of Amziah King,https://cinejoy.to/movie/1124142-the-rivals-of-amziah-king-2026,https://image.tmdb.org/t/p/w500/j2ajSnvBSb0rvDJrlTWTsxsmHWJ.jpg,2026-08-13,6.821,131,,Andrew Patterson,"Deep within the backwoods of rural Oklahoma, charismatic and musically gifted Amziah King herds a bluegrass-playing band of misfits while overseeing the premier honey-making operation in town. When Amziah’s estranged foster daughter unexpectedly returns, Amziah leaps at the possibility to renew connection and create a family business. But the honey game is ruthless, and Amziah’s rivals threaten to destroy everything he has built.",en,Matthew McConaughey as Amziah King | Kurt Russell as Dob McCoy | Angelina LookingGlass as Kateri | Cole Sprouse as Oat | Scott Shepherd as Chimmy | Rob Morgan as Rippy | Tony Revolori as Colemar | Jake Horowitz as Remick | Owen Teague as Pirate | Bruce Davis as Sunderland,1124142
Nimrods,https://cinejoy.to/movie/1432474-nimrods-2026,https://image.tmdb.org/t/p/w500/4h2WtFCLZPXbydbpi248uqOT9yz.jpg,2026-08-06,6.9,107,,Lee Kirk,"Three friends journey from Kansas City to Los Angeles, mistakenly believing that their band is opening for Green Day on New Year’s Eve.",en,Mason Thames as Tommy | Kylr Coffman as Fred | Ryan Foust as Chad | Jenna Fischer as Jodi | Mckenna Grace as Olivia | Angela Kinsey as Wilma | Keen Ruffalo as Wayne | Ignacio Diaz-Silverio as Keith | Billie Joe Armstrong as Self | Mike Dirnt as Self,1432474
Hope,https://cinejoy.to/movie/1058424-hope-2026,https://image.tmdb.org/t/p/w500/1n37BJchWHLiSYQkuFxe5KjB951.jpg,2026-07-15,7.358,157,,Na Hong-jin,"In the remote South Korean village of Hope Harbor, police chief Bum-seok and officer Sung-ae are called to investigate a mysterious creature wreaking havoc on the community. But all is not as it seems, and perceptions can be misleading. What begins as ignorance plants the seed of disaster, escalating through human conflict into a tragedy of cosmic proportions.",ko,Hwang Jung-min as Go Bum-seok | Zo In-sung as Go Sung-ki | Hoyeon as Lim Sung-ae | Alicia Vikander as J'aur | Michael Fassbender as Ma'veyyo | Taylor Russell as Ai'dovor | Cameron Britton as Va'migere | Lee Sang-hee as Nak-yeon | Um Mun-suk as Yang-bae | Im Hyun-sik as Hae-sul,1058424
The Last Kiss,https://cinejoy.to/movie/1318467-the-last-kiss-2026,https://image.tmdb.org/t/p/w500/cLZ7iFZc25vluSIKt3XtdSTait4.jpg,2026-09-15,6.4,97,,Yoko Okumura,"Laurel always imagined her first kiss would be a fairy tale. Instead, that fantasy turns frightening when she's cursed with an ability to see the death of anyone she kisses. After a vision reveals her crush is doomed to die in a strange murder spree targeting her closest friends, she races to unmask the killer before the mystery becomes a massacre.",en,Mckenna Grace as Laurel Hansen | Arkira Chantaratananond as Poppy Yang | Jaden Michael as Evan Geller | Riley Davis as Tyler McKinney | Bergman Freedman as Noah Brock | Kate Drummond as Diane Hansen | Samantha Espie as Ranger Pauline | Cooper Levy as Chuck Beasley | Eve Edwards as Bree Williams | Stephanie Moore as Shannon McKinney,1318467
The Hunger Games: Sunrise on the Reaping,https://cinejoy.to/movie/1300968-the-hunger-games-sunrise-on-the-reaping-2026,https://image.tmdb.org/t/p/w500/hDDBRwPOIztAhawTjWWsEA7rDis.jpg,2026-11-18,0.0,0,,Francis Lawrence,"Return to the world of Panem 24 years before the events of The Hunger Games, starting on the morning of the reaping of the 50th Hunger Games, also known as the Second Quarter Quell.",en,Joseph Zada as Haymitch Abernathy | Ralph Fiennes as President Coriolanus Snow | Jesse Plemons as Plutarch Heavensbee | Mckenna Grace as Maysilee Donner / Merrilee Donner | Whitney Peak as Lenore Dove Baird | Elle Fanning as Effie Trinket | Maya Hawke as Wiress | Lili Taylor as Mags Flanagan | Glenn Close as Drusilla Sickle | Kieran Culkin as Caesar Flickerman,1300968
Evil Dead Burn,https://cinejoy.to/movie/1212763-evil-dead-burn-2026,https://image.tmdb.org/t/p/w500/uRxrNXQWkHoENm3nwVOZDYSCx2F.jpg,2026-07-07,7.68,110,,Sébastien Vaniček,"After her husband's abrupt death, Alice seeks solace with his remaining family — descendants of a leading researcher on demonic possession. As her in-laws transform one by one into creatures that feed on fear, she comes to discover that the vows she took in life survive even in death.",en,Souheila Yacoub as Alice | Tandi Wright as Susan | Hunter Doohan as Joseph | Luciane Buchanan as Thya | Erroll Shand as Edgar | Maude Davey as Polly | George Pullar as Will | Greta van den Brink as Jessica | Keanu Karim as Jared | Victory Ndukwe as Leo,1212763
Backrooms,https://cinejoy.to/movie/1083381-backrooms-2026,https://image.tmdb.org/t/p/w500/rhGx6E3qRNMgj3i5su2oukNHwIQ.jpg,2026-05-27,7.0,111,,Kane Parsons,A strange doorway appears in the basement of a furniture showroom.,en,Chiwetel Ejiofor as Clark | Renate Reinsve as Mary | Finn Bennett as Bobby | Lukita Maxwell as Kat | Mark Duplass as Phil | Avan Jogia as Naren Warne | Robert Bobroczkyi as Pirate Clark | Ember Ambrose as Young Mary | Krista Kosonen as Nora | Philip Granger as Meterman,1083381
One Night Only,https://cinejoy.to/movie/1433367-one-night-only-2026,https://image.tmdb.org/t/p/w500/f1v8IcYcQggeq1N0unoMJMrzTd9.jpg,2026-08-06,6.51,103,,Will Gluck,Two love-starved strangers crash into each other on the one night of the year when single people are allowed to have sex.,en,Monica Barbaro as Allie | Callum Turner as Owen | Maya Hawke as Malika | King Princess as Jacinta | Molly Ringwald as Linda | LeVar Burton as Rick | Charlie Gillespie as Ezra Strong | Quintessa Swindell as Arya | Mateo Ray Garcia as Troy | Okieriete Onaodowan as Tejan,1433367
The Invite,https://cinejoy.to/movie/950028-the-invite-2026,https://image.tmdb.org/t/p/w500/b7Dr8Chzse8VagexAporUu2RtLx.jpg,2026-06-25,7.258,107,,Olivia Wilde,"Joe and Angela's marriage is on thin ice. When they invite their enigmatic upstairs neighbors for a dinner party, the night spirals into unexpected places. Have they reignited the spark or lit the match that burns it all down?",en,Seth Rogen as Joe | Olivia Wilde as Angela | Penélope Cruz as Piña | Edward Norton as Hawk | Skip Howland as Doorman (uncredited) | Mel Powell as Bartender (uncredited) | Rachel Thurow as Subway Goer (uncredited) | Mario Valdez as Subway Goer (uncredited),950028
Spider-Man: Homecoming,https://cinejoy.to/movie/315635-spider-man-homecoming-2017,https://image.tmdb.org/t/p/w500/c24sv2weTHPsmDa7jEMN0m2P3RT.jpg,2017-07-05,7.333,133,,Jon Watts,"Following the events of Captain America: Civil War, Peter Parker, with the help of his mentor Tony Stark, tries to balance his life as an ordinary high school student in Queens, New York City, with fighting crime as his superhero alter ego Spider-Man as a new threat, the Vulture, emerges.",en,Tom Holland as Peter Parker / Spider-Man | Michael Keaton as Adrian Toomes / Vulture | Robert Downey Jr. as Tony Stark / Iron Man | Marisa Tomei as May Parker | Jon Favreau as Happy Hogan | Gwyneth Paltrow as Pepper Potts | Zendaya as Michelle | Donald Glover as Aaron Davis | Jacob Batalon as Ned | Laura Harrier as Liz,315635
Spider-Man: Into the Spider-Verse,https://cinejoy.to/movie/324857-spider-man-into-the-spider-verse-2018,https://image.tmdb.org/t/p/w500/iiZZdoQBEYBv6id8su7ImL0oCbD.jpg,2018-12-06,8.401,117,,Bob Persichetti,"Struggling to find his place in the world while juggling school and family, Brooklyn teenager Miles Morales is unexpectedly bitten by a radioactive spider and develops unfathomable powers just like the one and only Spider-Man. While wrestling with the implications of his new abilities, Miles discovers a super collider created by the madman Wilson ""Kingpin"" Fisk, causing others from across the Spider-Verse to be inadvertently transported to his dimension.",en,Shameik Moore as Miles Morales (voice) | Jake Johnson as Peter B. Parker (voice) | Hailee Steinfeld as Gwen Stacy (voice) | Mahershala Ali as Uncle Aaron (voice) | Brian Tyree Henry as Jefferson Davis (voice) | Lily Tomlin as Aunt May (voice) | Luna Lauren Vélez as Rio Morales (voice) | Zoë Kravitz as Mary Jane (voice) | John Mulaney as Spider-Ham (voice) | Kimiko Glenn as Peni Parker (voice),324857
Call My Agent! The Movie,https://cinejoy.to/movie/1365884-call-my-agent-the-movie-2026,https://image.tmdb.org/t/p/w500/p4SvSFIkjCs4y0C7yAcYP9XNmP2.jpg,2026-08-29,6.245,117,,Émilie Noblet,"Five years after ASK Agency closed, debut director Andréa loses her lead actor just days before filming and reunited with her old team — for better or worse.",fr,Camille Cottin as Andréa Martel | Thibault de Montalembert as Mathias Barneville | Grégory Montel as Gabriel Sarda | Liliane Rovère as Arlette Azémar | Fanny Sidney as Camille Valentini | Laure Calamy as Noémie Leclerc | Nicolas Maury as Hervé André-Jezak | Ophélia Kolb as Collette Brancillon | Anne Marivin as Élise Formain | Laetitia Casta as Laetitia Casta,1365884
Why Did I Get Married Again?,https://cinejoy.to/movie/1522689-why-did-i-get-married-again-2026,https://image.tmdb.org/t/p/w500/rwaxLuOkJ5mMvJU5juNaPcKADOW.jpg,2026-09-08,6.7,111,,Tyler Perry,"The couples reunite for the destination wedding of Marcus and Angela's daughter, bringing drama old and new as they ask, ""Why did we get married again?""",en,Tyler Perry as Terry | Taraji P. Henson as Roselyn | Jill Scott as Sheila | Richard T. Jones as Mike | Tasha Smith as Angela | Michael Jai White as Marcus | Sharon Leal as Dianne | Lamman Rucker as Troy | Armani Greer as Jasmine | Everett Osborne as Wesley,1522689
Jurassic World Rebirth,https://cinejoy.to/movie/1234821-jurassic-world-rebirth-2025,https://image.tmdb.org/t/p/w500/1RICxzeoNCAO5NpcRMIgg1XT6fm.jpg,2025-06-23,6.259,134,,Gareth Edwards,"Five years after the events of Jurassic World Dominion, covert operations expert Zora Bennett is contracted to lead a skilled team on a top-secret mission to secure genetic material from the world's three most massive dinosaurs. When Zora's operation intersects with a civilian family whose boating expedition was capsized, they all find themselves stranded on an island where they come face-to-face with a sinister, shocking discovery that's been hidden from the world for decades.",en,Scarlett Johansson as Zora Bennett | Mahershala Ali as Duncan Kincaid | Jonathan Bailey as Dr. Henry Loomis | Rupert Friend as Martin Krebs | Manuel Garcia-Rulfo as Reuben Delgado | Luna Blaise as Teresa Delgado | David Iacono as Xavier Dobbs | Audrina Miranda as Isabella Delgado | Philippine Velge as Nina | Bechir Sylvain as LeClerc,1234821
Swapped,https://cinejoy.to/movie/1007757-swapped-2026,https://image.tmdb.org/t/p/w500/tHhxWxge06goXU6ZQH1hj7vK8Hd.jpg,2026-05-01,8.869,102,,Nathan Greno,"A small woodland creature and a majestic bird, two natural sworn enemies of the Valley, magically trade places and set off on an adventure of a lifetime to switch back. Their journey soon uncovers a greater threat—one that could endanger not only their species, but the entire valley they call home.",en,Michael B. Jordan as Ollie (voice) | Juno Temple as Ivy (voice) | Tracy Morgan as Boogle / Firewolf (voice) | Cedric the Entertainer as Caloo (voice) | Justina Machado as Calli (voice) | Nate Torrence as Lodd (voice) | Camden Brooks as Young Ollie (voice) | Táta Vega as Grandma / Mrs. Dung Beetle (voice) | Ambika Mod as Violet (voice) | Lolly Adefope as Lily (voice),1007757
The Last House,https://cinejoy.to/movie/1284041-the-last-house-2026,https://image.tmdb.org/t/p/w500/6JU7E8Vv2M11egkctWVOScxWR75.jpg,2026-08-06,6.85,110,,Louis Leterrier,A family suddenly sealed inside their home must work together to survive against dwindling resources and the ominous threat keeping them trapped.,en,Greta Lee as Ann | Wagner Moura as Jason | Riley Chung as Ruth (8 Years Old) | Noah Alexander Sosnowski as Graham (12 Years Old) | Emma Ho as Ruth (13 Years Old) | Gabriel Barbosa as Graham (17 Years Old) | Arden Cho as Adult Ruth | Audrey Anderson as Susan | Sid Edwards as Max Richardson | Eveline Reynolds-Boison as Marcia Richardson,1284041
War Machine,https://cinejoy.to/movie/1265609-war-machine-2026,https://image.tmdb.org/t/p/w500/ril8yx5SOmj0KjNlftsdfIp00fr.jpg,2026-02-12,7.49,110,,Patrick Hughes,"On one last grueling mission during Army Ranger training, a combat engineer must lead his unit in a fight against a giant otherworldly killing machine.",en,Alan Ritchson as 81 | Stephan James as 7 | Blake Richardson as 15 | Dennis Quaid as Sheridan | Esai Morales as Torres | Jai Courtney as Squad Leader | Alex King as 44 | Keiynan Lonsdale as 60 | Jack Patten as 109 | James Beaufort as 23,1265609
Gandhari,https://cinejoy.to/movie/1355228-gandhari-2026,https://image.tmdb.org/t/p/w500/hCHei97aPYCCsh4vicz9X0wmdFV.jpg,2026-09-03,7.196,117,,Devashish Makhija,"When a mother loses her eyesight and her daughter in a kidnapping, she takes matters into her own hands to hunt down those responsible.",hi,Taapsee Pannu as Bani Sikdar | Ishwak Singh as Gokul Sikdar | Mita Vashisht as Jhunu Amba | Swastika Mukherjee as Miss Churni | Chhaya Kadam as Uma Patra | Jatin Sarna as Kabir | Prashant Narayanan as Blackhole Leader | Chandan Roy as Somesh Yadav | Vishwanath Chatterjee as Inspector Saha | Priti Shroff as ASI Sanjukta,1355228
Go Team!,https://cinejoy.to/movie/1558568-go-team-2026,https://image.tmdb.org/t/p/w500/jM8LRvzYIqZqw6Si5xNECiHFDgM.jpg,2026-09-11,5.258,93,,Diego Núñez Irigoyen,"When their team-building event gets downgraded to a tiny village, a cheese company's staff think it can't get worse — then they learn about the layoffs.",es,Alexandra Jiménez as Olga | Maribel Verdú as Pepa | Pedro Casablanc as Domingo | Raúl Tejón as Marco | Blanca Martínez as Laura | Victor Rebull | Pepe Viyuela as Padilla | Saturnino García | Ismael Fritschi as Parrondo | Clara de Ramon as Natalia,1558568
Elize: Shadows of a Woman,https://cinejoy.to/movie/1487861-elize-shadows-of-a-woman-2026,https://image.tmdb.org/t/p/w500/l3wevYWTpiZSUEM5B0Q8c21ALAD.jpg,2026-07-22,7.533,93,,Vellas,"In this retelling of a real case, a former escort discovers her wealthy husband's infidelity and struggles to cope as betrayal poisons their marriage.",pt,"Lorena Comparato as Elize Matsunaga | Henrique Kimura as Marcos Matsunaga | Denise Weinberg as Tia Marta | Gustavo Falcão as Heitor | Julia Shimura as Clarice | Flora Sandyá as Babá | Edson Kameda as Takashi | Miwa Yanagizawa as Masuyo | Arthur Toyoshima as Lauro | Julia Konrad as Larissa ""aka"" Bianca",1487861
GOAT,https://cinejoy.to/movie/1297842-goat-2026,https://image.tmdb.org/t/p/w500/wfuqMlaExcoYiUEvKfVpUTt1v4u.jpg,2026-02-11,8.055,100,,Tyree Dillihay,"A small goat with big dreams gets a once-in-a-lifetime shot to join the pros and play roarball, a high-intensity, co-ed, full-contact sport dominated by the fastest, fiercest animals in the world.",en,Caleb McLaughlin as Will Harris (voice) | Gabrielle Union as Jett Fillmore (voice) | Stephen Curry as Lenny Williamson (voice) | Aaron Pierre as Mane Attraction (voice) | Nicola Coughlan as Olivia Burke (voice) | David Harbour as Archie Everhardt (voice) | Nick Kroll as Modo Olachenko (voice) | Jenifer Lewis as Flo Everson (voice) | Patton Oswalt as Dennis Cooper (voice) | Jelly Roll as Grizz (voice),1297842
KPop Demon Hunters,https://cinejoy.to/movie/803796-kpop-demon-hunters-2025,https://image.tmdb.org/t/p/w500/zT7Lhw3BhJbMkRqm9Zlx2YGMsY0.jpg,2025-06-20,7.997,96,,Chris Appelhans,"When K-pop superstars Rumi, Mira and Zoey aren't selling out stadiums, they're using their secret powers to protect their fans from supernatural threats.",en,Arden Cho as Rumi (voice) | May Hong as Mira (voice) | Ji-young Yoo as Zoey (voice) | Ahn Hyo-seop as Jinu (voice) | Yunjin Kim as Celine (voice) | Ken Jeong as Bobby (voice) | Lee Byung-hun as Gwi-Ma (voice) | Daniel Dae Kim as Healer Han / Additional Voices (voice) | Joel Kim Booster as Variety Show Host 1 / Idol Host / Romance Saja (voice) | Liza Koshy as Host (voice),803796
The Secret Woman,https://cinejoy.to/movie/1631807-the-secret-woman-2026,https://image.tmdb.org/t/p/w500/5FC5vUHFz0fbJOd0bhyzJpCSLrc.jpg,2026-08-28,6.411,119,,Barbara Topsøe-Rothenborg,"After discovering she has a family and a shipping empire, a woman with amnesia returns to a wealthy and seemingly perfect past to uncover why she left.",da,Natalie Madueño as Helene Söderberg | Claes Bang as Edmund | Pål Sverre Hagen as Joachim | Stina Ekblad as Caroline | Ingrid Bolsø Berdal as Iben Rask | Thea Sofie Loch Næss as Maria | Lars Simonsen as Aksel Söderberg | Ida Appel as Lulu | Nina Christrup as Librarian | David Elting as Alexander,1631807
Gatta Kusthi 2,https://cinejoy.to/movie/1509599-gatta-kusthi-2-2026,https://image.tmdb.org/t/p/w500/5U8MWIk9XZ60NALyOTpyX7vXIR7.jpg,2026-07-03,4.9,153,,Chella Ayyavu,"Picks up after the first film, with Veera and Keerthi balancing parenthood and Keerthi's wrestling career, featuring a role reversal where Veera takes on more domestic responsibilities.",ta,Vishnu Vishal as Veera | Aishwarya Lekshmi as Keerthi | Zara Zyanna as Madhi | Karunas as 'Mama' Ratnam | Munishkanth as 'Chithappa' Ganesan | Kaali Venkat as 'Sattam' Sattanathan | Lizzie Antony as Ratnam's Wife | Gajaraj as Keerthi's Father | Sreeja Ravi as Keerthi's Mother | Karunakaran as Partha,1509599
G.D.N,https://cinejoy.to/movie/1489543-g-d-n-2026,https://image.tmdb.org/t/p/w500/aAbvbKbNU6YyYDZ5ntSQcOygliw.jpg,2026-08-07,7.0,147,,Krishnakumar Ramakumar,G.D. Naidu overcomes challenges and defies a repressive colonial regime to become one of India's greatest innovators.,ta,R. Madhavan as GD Naidu | Priyamani as Chellammal | Sathyaraj as Ramaiah Pillai | Jayaram as Ambalapara Krishnan | Dushara Vijayan as Ranganayaki | Abdool Lee as Chidambaram | Thambi Ramaiah as Ramasamy Mama | Vinay Rai as Bhupendra | Ramesh Thilak | Karunakaran as Perunkili,1489543
The Gentlemen,https://cinejoy.to/movie/522627-the-gentlemen-2020,https://image.tmdb.org/t/p/w500/jtrhTYB7xSrJxR1vusu99nvnZ1g.jpg,2019-12-03,7.657,113,,Guy Ritchie,"American expat Mickey Pearson has built a highly profitable marijuana empire in London. When word gets out that he’s looking to cash out of the business forever it triggers plots, schemes, bribery and blackmail in an attempt to steal his domain out from under him.",en,Matthew McConaughey as Michael Pearson | Charlie Hunnam as Ray | Michelle Dockery as Rosalind Pearson | Jeremy Strong as Matthew | Lyne Renee as Jackie | Colin Farrell as Coach | Henry Golding as Dry Eye | Tom Wu as Lord George | Chidi Ajufo as Bunny | Hugh Grant as Fletcher,522627
Anora,https://cinejoy.to/movie/1064213-anora-2024,https://image.tmdb.org/t/p/w500/cgXk2tNYhJZLXdBDO5DidAVzQ82.jpg,2024-10-14,7.076,139,,Sean Baker,"A young sex worker from Brooklyn gets her chance at a Cinderella story when she meets and impulsively marries the son of an oligarch. Once the news reaches Russia, her fairytale is threatened as his parents set out to get the marriage annulled.",en,Mikey Madison as Ani | Mark Eydelshteyn as Ivan | Yura Borisov as Igor | Karren Karagulian as Toros | Vache Tovmasyan as Garnik | Luna Sofía Miranda as Lulu | Lindsey Normington as Diamond | Darya Ekamasova as Galina Zakharov | Aleksey Serebryakov as Nikolai Zakharov | Anton Bitter as Tom,1064213
Oppenheimer,https://cinejoy.to/movie/872585-oppenheimer-2023,https://image.tmdb.org/t/p/w500/8Gxv8gSFCU0XGDykEGv7zR1n2ua.jpg,2023-07-19,8.023,181,,Christopher Nolan,The story of J. Robert Oppenheimer's role in the development of the atomic bomb during World War II.,en,Cillian Murphy as J. Robert Oppenheimer | Emily Blunt as Kitty Oppenheimer | Matt Damon as Leslie Groves | Robert Downey Jr. as Lewis Strauss | Florence Pugh as Jean Tatlock | Josh Hartnett as Ernest Lawrence | Casey Affleck as Boris Pash | Rami Malek as David Hill | Kenneth Branagh as Niels Bohr | Benny Safdie as Edward Teller,872585
Everything Everywhere All at Once,https://cinejoy.to/movie/545611-everything-everywhere-all-at-once-2022,https://image.tmdb.org/t/p/w500/u68AjlvlutfEIcpmbYpKcdi09ut.jpg,2022-03-24,7.712,140,,Daniel Scheinert,"An aging Chinese immigrant is swept up in an insane adventure, where she alone can save what's important to her by connecting with the lives she could have led in other universes.",en,Michelle Yeoh as Evelyn Wang | Stephanie Hsu as Joy Wang / Jobu Tupaki | Ke Huy Quan as Waymond Wang | James Hong as Gong Gong | Jamie Lee Curtis as Deirdre Beaubeirdre | Tallie Medel as Becky Sregor | Jenny Slate as Big Nose | Harry Shum Jr. as Chad | Biff Wiff as Rick | Sunita Mani as TV Musical - Queen,545611
CODA,https://cinejoy.to/movie/776503-coda-2021,https://image.tmdb.org/t/p/w500/BzVjmm8l23rPsijLiNLUzuQtyd.jpg,2021-08-13,7.882,112,,Sian Heder,"As a CODA (Child of Deaf Adults), Ruby is the only hearing person in her deaf family. When the family's fishing business is threatened, Ruby finds herself torn between pursuing her love of music and her fear of abandoning her parents.",en,Emilia Jones as Ruby Rossi | Marlee Matlin as Jackie Rossi | Troy Kotsur as Frank Rossi | Eugenio Derbez as Bernardo Villalobos | Ferdia Walsh-Peelo as Miles | Daniel Durant as Leo Rossi | Amy Forsyth as Gertie | Kevin Chapman as Brady | John Fiore as Tony Salgado | Lonnie Farmer as Arthur,776503
Nomadland,https://cinejoy.to/movie/581734-nomadland-2021,https://image.tmdb.org/t/p/w500/8Vc5EOUEIF1EUXuX9eLFf7BvN3P.jpg,2021-01-29,7.159,108,,Chloé Zhao,"A woman in her sixties embarks on a journey through the western United States after losing everything in the Great Recession, living as a van-dwelling modern-day nomad.",en,Frances McDormand as Fern | David Strathairn as Dave | Linda May as Linda | Swankie as Swankie | Gay DeForest as Gay | Patricia Grier as Patty | Angela Reyes as Angela | Carl R. Hughes as Carl | Douglas G. Soul as Doug | Ryan Aquino as Ryan,581734
Parasite,https://cinejoy.to/movie/496243-parasite-2019,https://image.tmdb.org/t/p/w500/7IiTTgloJzvGI1TAYymCfbfl3vT.jpg,2019-05-30,8.49,133,,Bong Joon Ho,"All unemployed, Ki-taek's family takes peculiar interest in the wealthy and glamorous Parks for their livelihood until they get entangled in an unexpected incident.",ko,Song Kang-ho as Kim Ki-taek | Lee Sun-kyun as Park Dong-ik | Cho Yeo-jeong as Yeon-kyo | Choi Woo-shik as Ki-woo | Park So-dam as Ki-jung | Lee Jung-eun as Moon-gwang | Jang Hye-jin as Chung-sook | Park Myung-hoon as Geun-se | Jung Zi-so as Da-hye | Jung Hyeon-jun as Da-song,496243
Green Book,https://cinejoy.to/movie/490132-green-book-2018,https://image.tmdb.org/t/p/w500/7BsvSuDQuoqhWmU2fL7W2GOcZHU.jpg,2018-11-16,8.225,130,,Peter Farrelly,"Tony Lip, a bouncer in 1962, is hired to drive pianist Don Shirley on a tour through the Deep South in the days when African Americans, forced to find alternate accommodations and services due to segregation laws below the Mason-Dixon Line, relied on a guide called The Negro Motorist Green Book.",en,Viggo Mortensen as Tony Lip | Mahershala Ali as Dr. Don Shirley | Linda Cardellini as Dolores | Sebastian Maniscalco as Johnny Venere | Dimiter D. Marinov as Oleg | Mike Hatton as George | P.J. Byrne as Record Exec | Joe Cortese as Gio Loscudo | Mary Agnes Nixon as Copa Coat Check Girl | Von Lewis as Bobby Rydell,490132
The Shape of Water,https://cinejoy.to/movie/399055-the-shape-of-water-2017,https://image.tmdb.org/t/p/w500/9zfwPffUXpBrEP26yp0q1ckXDcj.jpg,2017-12-01,7.23,123,,Guillermo del Toro,"An other-worldly story, set against the backdrop of Cold War era America circa 1962, where a mute janitor working at a lab falls in love with an amphibious man being held captive there and devises a plan to help him escape.",en,Sally Hawkins as Elisa Esposito | Michael Shannon as Richard Strickland | Richard Jenkins as Giles | Octavia Spencer as Zelda Fuller | Michael Stuhlbarg as Dr. Robert Hoffstetler | Doug Jones as Amphibian Man | David Hewlett as Fleming | Nick Searcy as General Hoyt | Stewart Arnott as Bernard | Nigel Bennett as Mihalkov,399055
Moonlight,https://cinejoy.to/movie/376867-moonlight-2016,https://image.tmdb.org/t/p/w500/qLnfEmPrDjJfPyyddLJPkXmshkp.jpg,2016-10-21,7.4,112,,Barry Jenkins,"The tender, heartbreaking story of a young man’s struggle to find himself, told across three defining chapters in his life as he experiences the ecstasy, pain, and beauty of falling in love, while grappling with his own sexuality.",en,Trevante Rhodes as Black | André Holland as Kevin | Janelle Monáe as Teresa | Ashton Sanders as Chiron | Jharrel Jerome as Kevin Age 16 | Alex R. Hibbert as Little | Jaden Piner as Kevin Age 9 | Naomie Harris as Paula | Mahershala Ali as Juan | Shariff Earp as Terrence,376867
Spotlight,https://cinejoy.to/movie/314365-spotlight-2015,https://image.tmdb.org/t/p/w500/8DPGG400FgaFWaqcv11n8mRd2NG.jpg,2015-11-06,7.813,129,,Tom McCarthy,"The true story of how the Boston Globe uncovered the massive scandal of child molestation and cover-up within the local Catholic Archdiocese, shaking the entire Catholic Church to its core.",en,"Mark Ruffalo as Michael Rezendes | Michael Keaton as Walter 'Robby' Robinson | Rachel McAdams as Sacha Pfeiffer | Liev Schreiber as Marty Baron | John Slattery as Ben Bradlee, Jr. | Brian d'Arcy James as Matt Carroll | Stanley Tucci as Mitchell Garabedian | Elena Wohl as Barbara | Gene Amoroso as Steve Kurkjian | Doug Murray as Peter Canellos",314365
Birdman or (The Unexpected Virtue of Ignorance),https://cinejoy.to/movie/194662-birdman-or-the-unexpected-virtue-of-ignorance-2014,https://image.tmdb.org/t/p/w500/rHUg2AuIuLSIYMYFgavVwqt1jtc.jpg,2014-10-17,7.436,120,,Alejandro G. Iñárritu,"A fading actor best known for his portrayal of a popular superhero attempts to mount a comeback by appearing in a Broadway play. As opening night approaches, his attempts to become more altruistic, rebuild his career, and reconnect with friends and family prove more difficult than expected.",en,Michael Keaton as Riggan | Emma Stone as Sam | Zach Galifianakis as Jake | Edward Norton as Mike | Andrea Riseborough as Laura | Naomi Watts as Lesley | Amy Ryan as Sylvia | Lindsay Duncan as Tabitha | Merritt Wever as Annie | Jeremy Shamos as Ralph,194662
12 Years a Slave,https://cinejoy.to/movie/76203-12-years-a-slave-2013,https://image.tmdb.org/t/p/w500/xdANQijuNrJaw1HA61rDccME4Tm.jpg,2013-10-18,7.927,134,,Steve McQueen,"In the pre-Civil War United States, Solomon Northup, a free black man from upstate New York, is abducted and sold into slavery. Facing cruelty as well as unexpected kindnesses Solomon struggles not only to stay alive, but to retain his dignity. In the twelfth year of his unforgettable odyssey, Solomon’s chance meeting with a Canadian abolitionist will forever alter his life.",en,Chiwetel Ejiofor as Solomon Northup | Michael Fassbender as Edwin Epps | Lupita Nyong'o as Patsey | Benedict Cumberbatch as William Ford | Paul Dano as John Tibeats | Sarah Paulson as Mary Epps | Adepero Oduye as Eliza | Scoot McNairy as Brown | Paul Giamatti as Theophilus Freeman | Brad Pitt as Samuel Bass,76203
Argo,https://cinejoy.to/movie/68734-argo-2012,https://image.tmdb.org/t/p/w500/m5gPWFZFIp4UJFABgWyLkbXv8GX.jpg,2012-10-11,7.284,120,,Ben Affleck,"As the Iranian revolution reaches a boiling point, a CIA 'exfiltration' specialist concocts a risky plan to free six Americans who have found shelter at the home of the Canadian ambassador.",en,Ben Affleck as Tony Mendez | Bryan Cranston as Jack O'Donnell | Alan Arkin as Lester Siegel | John Goodman as John Chambers | Victor Garber as Ken Taylor | Tate Donovan as Bob Anders | Clea DuVall as Cora Lijek | Scoot McNairy as Joe Stafford | Rory Cochrane as Lee Schatz | Christopher Denham as Mark Lijek,68734
The Artist,https://cinejoy.to/movie/74643-the-artist-2011,https://image.tmdb.org/t/p/w500/xYMYV8lMIeQMymuNPBvq3hOnqXw.jpg,2011-10-12,7.431,100,,Michel Hazanavicius,"Hollywood, 1927: As silent movie star George Valentin wonders if the arrival of talking pictures will cause him to fade into oblivion, he sparks with Peppy Miller, a young dancer set for a big break.",fr,Jean Dujardin as George Valentin | Bérénice Bejo as Peppy Miller | John Goodman as Al Zimmer | James Cromwell as Clifton | Penelope Ann Miller as Doris Valentin | Missi Pyle as Constance Gray | Beth Grant as Peppy's Maid | Ed Lauter as Peppy's Butler | Joel Murray as Policeman Fire | Elizabeth Tulloch as Norma,74643
The King's Speech,https://cinejoy.to/movie/45269-the-king-s-speech-2010,https://image.tmdb.org/t/p/w500/pVNKXVQFukBaCz6ML7GH3kiPlQP.jpg,2010-11-26,7.731,118,,Tom Hooper,"The King's Speech tells the story of the man who became King George VI, the father of Queen Elizabeth II. After his brother abdicates, George ('Bertie') reluctantly assumes the throne. Plagued by a dreaded stutter and considered unfit to be king, Bertie engages the help of an unorthodox speech therapist named Lionel Logue. Through a set of unexpected techniques, and as a result of an unlikely friendship, Bertie is able to find his voice and boldly lead the country into war.",en,Colin Firth as King George VI | Geoffrey Rush as Lionel Logue | Helena Bonham Carter as Queen Elizabeth | Guy Pearce as King Edward VIII | Timothy Spall as Winston Churchill | Michael Gambon as King George V | Jennifer Ehle as Myrtle Logue | Derek Jacobi as Archbishop Cosmo Lang | Freya Wilson as Princess Elizabeth | Ramona Marquez as Princess Margaret,45269
The Hurt Locker,https://cinejoy.to/movie/12162-the-hurt-locker-2008,https://image.tmdb.org/t/p/w500/io2dfBJhasvGbgkCX9cCGVOiA99.jpg,2008-10-10,7.248,131,,Kathryn Bigelow,"During the Iraq War, a Sergeant recently assigned to an army bomb squad is put at odds with his squad mates due to his maverick way of handling his work.",en,Jeremy Renner as Staff Sergeant William James | Anthony Mackie as Sergeant JT Sanborn | Brian Geraghty as Specialist Owen Eldridge | David Morse as Colonel Reed | Guy Pearce as Sergeant Matt Thompson | Evangeline Lilly as Connie James | Ralph Fiennes as Contractor Team Leader | Christian Camargo as Colonel John Cambridge | Christopher Sayegh as Beckham | David Gueriera as First Sergeant,12162
Slumdog Millionaire,https://cinejoy.to/movie/12405-slumdog-millionaire-2008,https://image.tmdb.org/t/p/w500/5leCCi7ZF0CawAfM5Qo2ECKPprc.jpg,2008-11-12,7.726,121,,Danny Boyle,"A teenager reflects on his life after being accused of cheating on the Indian version of ""Who Wants to be a Millionaire?"".",en,Dev Patel as Older Jamal | Freida Pinto as Older Latika | Madhur Mittal as Older Salim | Anil Kapoor as Prem | Mahesh Manjrekar as Javed | Saurabh Shukla as Sergeant Srinivas | Irrfan Khan as Police Inspector | Ankur Vikal as Maman | Tanay Chheda as Middle Jamal | Ayush Mahesh Khedekar as Youngest Jamal,12405
No Country for Old Men,https://cinejoy.to/movie/6977-no-country-for-old-men-2007,https://image.tmdb.org/t/p/w500/6d5XOczc226jECq0LIX0siKtgHR.jpg,2007-11-09,7.95,122,,Joel Coen,"Llewelyn Moss stumbles upon dead bodies, $2 million and a hoard of heroin in a Texas desert, but methodical killer Anton Chigurh comes looking for it, with local sheriff Ed Tom Bell hot on his trail. The roles of prey and predator blur as the violent pursuit of money and justice collide.",en,Javier Bardem as Anton Chigurh | Tommy Lee Jones as Ed Tom Bell | Josh Brolin as Llewelyn Moss | Woody Harrelson as Carson Wells | Kelly Macdonald as Carla Jean Moss | Garret Dillahunt as Wendell | Tess Harper as Loretta Bell | Barry Corbin as Ellis | Stephen Root as Man Who Hires Wells | Rodger Boyce as El Paso Sheriff,6977
The Departed,https://cinejoy.to/movie/1422-the-departed-2006,https://image.tmdb.org/t/p/w500/nT97ifVT2J1yMQmeq20Qblg61T.jpg,2006-10-04,8.2,151,,Martin Scorsese,"To take down South Boston's Irish Mafia, the police send in one of their own to infiltrate the underworld, not realizing the syndicate has done likewise. While an undercover cop curries favor with the mob kingpin, a career criminal rises through the police ranks. But both sides soon discover there's a mole among them.",en,Leonardo DiCaprio as Billy | Matt Damon as Colin | Jack Nicholson as Costello | Mark Wahlberg as Dignam | Martin Sheen as Queenan | Ray Winstone as Mr. French | Vera Farmiga as Madolyn | Anthony Anderson as Brown | Alec Baldwin as Ellerby | Kevin Corrigan as Cousin Sean,1422
Crash,https://cinejoy.to/movie/1640-crash-2005,https://image.tmdb.org/t/p/w500/86BdPC6RDX88NC880pLidKn2LCj.jpg,2005-05-06,7.212,112,,Paul Haggis,"In post-Sept. 11 Los Angeles, tensions erupt when the lives of a Brentwood housewife, her district attorney husband, a Persian shopkeeper, two cops, a pair of carjackers and a Korean couple converge during a 36-hour period.",en,Don Cheadle as Det. Graham Waters | Sandra Bullock as Jean Cabot | Brendan Fraser as Rick Cabot | Matt Dillon as Officer John Ryan | Jennifer Esposito as Ria | Michael Peña as Daniel Ruiz | Terrence Howard as Cameron Thayer | Thandiwe Newton as Christine Thayer | Ludacris as Anthony | Larenz Tate as Peter,1640
Million Dollar Baby,https://cinejoy.to/movie/70-million-dollar-baby-2004,https://image.tmdb.org/t/p/w500/jcfEqKdWF1zeyvECPqp3mkWLct2.jpg,2004-12-05,7.952,132,,Clint Eastwood,"Despondent over a painful estrangement from his daughter, trainer Frankie Dunn isn't prepared for boxer Maggie Fitzgerald to enter his life. But Maggie's determined to go pro and to convince Dunn and his cohort to help her.",en,Clint Eastwood as Frankie Dunn | Hilary Swank as Maggie Fitzgerald | Morgan Freeman as Eddie Scrap-Iron Dupris | Jay Baruchel as Danger Barch | Mike Colter as Big Willie Little | Lucia Rijker as Billie 'The Blue Bear' | Brían F. O'Byrne as Father Horvak | Anthony Mackie as Shawrelle Berry | Margo Martindale as Earline Fitzgerald | Riki Lindhome as Mardell Fitzgerald,70
The Lord of the Rings: The Return of the King,https://cinejoy.to/movie/122-the-lord-of-the-rings-the-return-of-the-king-2003,https://image.tmdb.org/t/p/w500/rCzpDGLbOoPwLjy3OAm5NUPOTrC.jpg,2003-12-17,8.506,201,,Peter Jackson,"As armies mass for a final battle that will decide the fate of the world--and powerful, ancient forces of Light and Dark compete to determine the outcome--one member of the Fellowship of the Ring is revealed as the noble heir to the throne of the Kings of Men. Yet, the sole hope for triumph over evil lies with a brave hobbit, Frodo, who, accompanied by his loyal friend Sam and the hideous, wretched Gollum, ventures deep into the very dark heart of Mordor on his seemingly impossible quest to destroy the Ring of Power.​",en,Elijah Wood as Frodo | Ian McKellen as Gandalf | Viggo Mortensen as Aragorn | Sean Astin as Sam | Andy Serkis as Gollum / Smeagol | Dominic Monaghan as Merry | Billy Boyd as Pippin | John Noble as Denethor | David Wenham as Faramir | Miranda Otto as Éowyn,122
A Beautiful Mind,https://cinejoy.to/movie/453-a-beautiful-mind-2001,https://image.tmdb.org/t/p/w500/rEIg5yJdNOt9fmX4P8gU9LeNoTQ.jpg,2001-12-14,7.9,135,,Ron Howard,"From the heights of notoriety to the depths of depravity, John Forbes Nash Jr. experiences it all. As a brilliant but socially awkward mathematician, he made a groundbreaking discovery early in his career and stands on the brink of international acclaim. But as the handsome and arrogant Nash accepts secret work in cryptography, he becomes entangled in a mysterious conspiracy. His life takes a nightmarish turn and he soon finds himself on a painful and harrowing journey of self-discovery.",en,Russell Crowe as John Nash | Jennifer Connelly as Alicia Nash | Ed Harris as William Parcher | Paul Bettany as Charles Herman | Christopher Plummer as Dr. Rosen | Adam Goldberg as Richard Sol | Josh Lucas as Martin Hansen | Anthony Rapp as Bender | Jason Gray-Stanford as Ainsley Neilson | Judd Hirsch as Helinger,453
Gladiator,https://cinejoy.to/movie/98-gladiator-2000,https://image.tmdb.org/t/p/w500/wN2xWp1eIwCKOD0BHTcErTBv1Uq.jpg,2000-05-04,8.23,155,,Ridley Scott,"After the death of Emperor Marcus Aurelius, his devious son takes power and demotes Maximus, one of Rome's most capable generals who Marcus preferred. Eventually, Maximus is forced to become a gladiator and battle to the death against other men for the amusement of paying audiences.",en,Russell Crowe as Maximus | Joaquin Phoenix as Commodus | Connie Nielsen as Lucilla | Oliver Reed as Proximo | Richard Harris as Marcus Aurelius | Derek Jacobi as Gracchus | Djimon Hounsou as Juba | David Schofield as Falco | John Shrapnel as Gaius | Tomas Arana as Quintus,98
American Beauty,https://cinejoy.to/movie/14-american-beauty-1999,https://image.tmdb.org/t/p/w500/wby9315QzVKdW9BonAefg8jGTTb.jpg,1999-09-15,7.997,122,,Sam Mendes,"Lester Burnham, a depressed suburban father in a mid-life crisis, decides to turn his hectic life around after developing an infatuation with his daughter's attractive friend.",en,Kevin Spacey as Lester Burnham | Annette Bening as Carolyn Burnham | Thora Birch as Jane Burnham | Wes Bentley as Ricky Fitts | Mena Suvari as Angela Hayes | Peter Gallagher as Buddy Kane | Allison Janney as Barbara Fitts | Chris Cooper as Colonel Fitts | Scott Bakula as Jim Olmeyer | Sam Robards as Jim Berkley,14
Titanic,https://cinejoy.to/movie/597-titanic-1997,https://image.tmdb.org/t/p/w500/9xjZS2rlVxm8SFx8kPC3aIGCOYQ.jpg,1997-12-18,7.9,194,,James Cameron,"101-year-old Rose DeWitt Bukater tells the story of her life aboard the Titanic, 84 years later. A young Rose boards the ship with her mother and fiancé. Meanwhile, Jack Dawson and Fabrizio De Rossi win third-class tickets aboard the ship. Rose tells the whole story from Titanic's departure through to its death—on its first and last voyage—on April 15, 1912.",en,Leonardo DiCaprio as Jack Dawson | Kate Winslet as Rose DeWitt Bukater | Billy Zane as Cal Hockley | Kathy Bates as Molly Brown | Frances Fisher as Ruth DeWitt Bukater | Gloria Stuart as Old Rose | Bill Paxton as Brock Lovett | Bernard Hill as Captain Smith | David Warner as Spicer Lovejoy | Victor Garber as Thomas Andrews,597
Forrest Gump,https://cinejoy.to/movie/13-forrest-gump-1994,https://image.tmdb.org/t/p/w500/Cw4hIUIAmSYfK9QfaUW5igp9La.jpg,1994-06-23,8.461,142,,Robert Zemeckis,"A man with a low IQ has accomplished great things in his life and been present during significant historic events—in each case, far exceeding what anyone imagined he could do. But despite all he has achieved, his one true love eludes him.",en,Tom Hanks as Forrest Gump | Robin Wright as Jenny Curran | Gary Sinise as Lieutenant Dan Taylor | Sally Field as Mrs. Gump | Mykelti Williamson as Bubba Blue | Michael Conner Humphreys as Young Forrest Gump | Hanna Hall as Young Jenny Curran | Haley Joel Osment as Forrest Junior | Siobhan Fallon Hogan as School Bus Driver | Rebecca Williams as Nurse at Park Bench,13
Schindler's List,https://cinejoy.to/movie/424-schindler-s-list-1993,https://image.tmdb.org/t/p/w500/sF1U4EUQS8YHUYjNl3pMGNIQyr0.jpg,1993-12-15,8.569,195,,Steven Spielberg,The true story of how businessman Oskar Schindler saved over a thousand Jewish lives from the Nazis while they worked as slaves in his factory during World War II.,en,Liam Neeson as Oskar Schindler | Ben Kingsley as Itzhak Stern | Ralph Fiennes as Amon Goeth | Caroline Goodall as Emilie Schindler | Jonathan Sagall as Poldek Pfefferberg | Embeth Davidtz as Helen Hirsch | Małgorzata Gebel as Viktoria Klonowska | Shmuel Levy as Wilek Chilowicz | Mark Ivanir as Marcel Goldberg | Béatrice Macola as Ingrid,424
The Silence of the Lambs,https://cinejoy.to/movie/274-the-silence-of-the-lambs-1991,https://image.tmdb.org/t/p/w500/uS9m8OBk1A8eM9I042bx8XXpqAq.jpg,1991-02-14,8.345,119,,Jonathan Demme,"Clarice Starling is a top student at the FBI's training academy.  Jack Crawford wants Clarice to interview Dr. Hannibal Lecter, a brilliant psychiatrist who is also a violent psychopath, serving life behind bars for various acts of murder and cannibalism.  Crawford believes that Lecter may have insight into a case and that Starling, as an attractive young woman, may be just the bait to draw him out.",en,Jodie Foster as Clarice Starling | Anthony Hopkins as Dr. Hannibal Lecter | Scott Glenn as Jack Crawford | Ted Levine as Jame Gumb | Anthony Heald as Dr. Frederick Chilton | Brooke Smith as Catherine Martin | Diane Baker as Senator Ruth Martin | Kasi Lemmons as Ardelia Mapp | Frankie Faison as Barney | Tracey Walter as Lamar,274
The Godfather,https://cinejoy.to/movie/238-the-godfather-1972,https://image.tmdb.org/t/p/w500/3bhkrj58Vtu7enYsRolD1fZdja1.jpg,1972-03-14,8.687,175,,Francis Ford Coppola,"Spanning the years 1945 to 1955, a chronicle of the fictional Italian-American Corleone crime family. When organized crime family patriarch, Vito Corleone barely survives an attempt on his life, his youngest son, Michael steps in to take care of the would-be killers, launching a campaign of bloody revenge.",en,Marlon Brando as Don Vito Corleone | Al Pacino as Michael Corleone | James Caan as Sonny Corleone | Robert Duvall as Tom Hagen | Richard S. Castellano as Clemenza | Diane Keaton as Kay Adams | Talia Shire as Connie Corleone Rizzi | Gianni Russo as Carlo Rizzi | Sterling Hayden as Captain McCluskey | John Marley as Jack Woltz,238
Avatar Aang: The Last Airbender,https://cinejoy.to/movie/980431-avatar-aang-the-last-airbender-2026,https://image.tmdb.org/t/p/w500/3sgnSfNT27Bx5O5ukr7B26mhEQq.jpg,2026-07-24,9.153,99,,Lauren Montgomery,"Avatar Aang, the world's last Airbender, learns of an ancient power that could save his culture from extinction. With the help of his friends, he embarks on a global quest to find it before it falls into the wrong hands and threatens to upend the peace they sacrificed everything to achieve.",en,Eric Nam as Aang (voice) | Dave Bautista as Tagah (voice) | Jessica Matten as Katara (voice) | Román Zaragoza as Sokka (voice) | Steven Yeun as Zuko (voice) | Dionne Quan as Toph (voice) | Dee Bradley Baker as Appa / Momo (voice) | Freida Pinto as Avatar Sonam (voice) | Ke Huy Quan as Avatar Xian (voice) | Taika Waititi as Gorillavark (voice),980431
Accidental Partners,https://cinejoy.to/movie/1632181-accidental-partners-2026,https://image.tmdb.org/t/p/w500/j0CIVzeR7hRAPBPGR54qDZoOQpp.jpg,2026-03-12,8.836,110,,Ihtzi Hurtado,Two women discover they were both scammed by the same man (who also got them pregnant). They form an alliance to take revenge.,es,Angelique Boyer as Alexa Hernández | Bárbara de Regil as Regina | Diego Klein as Roy / Sebastián Benavides / Erick López | Lucía Uribe as Claudia | Isabella Camil as Leticia Letram | Gabriela Platas as Majo | Laura Flores as Paty | Elena Pérez as Nadia Letram | César Rodríguez as Moncho | Rolando Breme as Ratero,1632181
Demon Slayer: Kimetsu no Yaiba Infinity Castle,https://cinejoy.to/movie/1311031-demon-slayer-kimetsu-no-yaiba-infinity-castle-2025,https://image.tmdb.org/t/p/w500/fWVSwgjpT2D78VUh6X8UBd2rorW.jpg,2025-07-18,8.802,156,,Haruo Sotozaki,"The Demon Slayer Corps are drawn into the Infinity Castle, where Tanjiro, Nezuko, and the Hashira face terrifying Upper Rank demons in a desperate fight as the final battle against Muzan Kibutsuji begins.",ja,Natsuki Hanae as Tanjiro Kamado (voice) | Takahiro Sakurai as Giyu Tomioka (voice) | Akira Ishida as Akaza (voice) | Hiro Shimono as Zenitsu Agatsuma (voice) | Yoshimasa Hosoya as Kaigaku (voice) | Saori Hayami as Shinobu Kocho (voice) | Mamoru Miyano as Doma (voice) | Reina Ueda as Kanao Tsuyuri (voice) | Yuichi Nakamura as Keizo (voice) | Lynn as Koyuki (voice),1311031
The Shawshank Redemption,https://cinejoy.to/movie/278-the-shawshank-redemption-1994,https://image.tmdb.org/t/p/w500/9cqNxx0GxF0bflZmeSMuL5tnGzr.jpg,1994-09-23,8.73,142,,Frank Darabont,"Imprisoned in the 1940s for the double murder of his wife and her lover, upstanding banker Andy Dufresne begins a new life at the Shawshank prison, where he puts his accounting skills to work for an amoral warden. During his long stretch in prison, Dufresne comes to be admired by the other inmates -- including an older prisoner named Red -- for his integrity and unquenchable sense of hope.",en,Tim Robbins as Andy Dufresne | Morgan Freeman as Ellis Boyd 'Red' Redding | Bob Gunton as Warden Norton | William Sadler as Heywood | Clancy Brown as Captain Byron T. Hadley | Gil Bellows as Tommy | James Whitmore as Brooks Hatlen | Mark Rolston as Bogs Diamond | Jeffrey DeMunn as 1946 D.A. | Larry Brandenburg as Skeet,278
Project Hail Mary,https://cinejoy.to/movie/687163-project-hail-mary-2026,https://image.tmdb.org/t/p/w500/yihdXomYb5kTeSivtFndMy5iDmf.jpg,2026-03-15,8.639,157,,Phil Lord,"Science teacher Ryland Grace wakes up on a spaceship light years from home with no recollection of who he is or how he got there. As his memory returns, he begins to uncover his mission: solve the riddle of the mysterious substance causing the sun to die out. He must call on his scientific knowledge and unorthodox ideas to save everything on Earth from extinction.",en,Ryan Gosling as Ryland Grace | Sandra Hüller as Eva Stratt | James Ortiz as Rocky (voice) | Lionel Boyce as Carl | Milana Vayntrub as Olesya Ilyukhina | Ken Leung as Yao | Priya Kansara as Mary (voice) | Mia Soteriou as Dr. Browne | Annelle Olaleye as Olivia | Maya Eva Hosein as Rekha,687163
Michael,https://cinejoy.to/movie/936075-michael-2026,https://image.tmdb.org/t/p/w500/dueFqKLvjftnELZaGYwY7xinfaI.jpg,2026-04-22,8.63,128,,Antoine Fuqua,"The story of Michael Jackson, one of the most influential artists the world has ever known, and his life beyond the music. His journey from the discovery of his extraordinary talent as the lead of the Jackson Five, to the visionary artist whose creative ambition fueled a relentless pursuit to become the biggest entertainer in the world, highlighting both his life off-stage and some of the most iconic performances from his early solo career.",en,Jaafar Jackson as Michael | Colman Domingo as Joseph Jackson | Nia Long as Katherine Jackson | Juliano Krue Valdi as Young Michael | KeiLyn Durrel Jones as Bill Bray | Miles Teller as John Branca | Larenz Tate as Berry Gordy | Laura Harrier as Suzanne de Passe | Mike Myers as Walter Yetnikoff | Kendrick Sampson as Quincy Jones,936075
Young Hearts,https://cinejoy.to/movie/1232449-young-hearts-2024,https://image.tmdb.org/t/p/w500/iGCtYxfuvXfy0BD5m6p7vKuPOxS.jpg,2024-10-26,8.587,99,,Anthony Schatteman,"14-year-old Elias increasingly feels like an outsider in his village. When he meets his new neighbour of the same age, Alexander, Elias is confronted with his burgeoning sexuality.",nl,Lou Goossens as Elias | Marius De Saeger as Alexander | Geert Van Rampelberg as Luk | Emilie De Roo as Nathalie | Dirk van Dijck as Fred | Jul Goossens as Maxime | Ezra van Dongen as Line | Olivier Englebert as Marc | Olga De Saeger as Ella | Wim Opbrouck as Tony,1232449
The Godfather Part II,https://cinejoy.to/movie/240-the-godfather-part-ii-1974,https://image.tmdb.org/t/p/w500/8a1lJs7mFyGhGhZZDT1azJUoQiZ.jpg,1974-12-20,8.572,202,,Francis Ford Coppola,"In the continuing saga of the Corleone crime family, a young Vito Corleone grows up in Sicily and in 1910s New York. In the 1950s, Michael Corleone attempts to expand the family business into Las Vegas, Hollywood and Cuba.",en,Al Pacino as Don Michael Corleone | Robert Duvall as Tom Hagen | Diane Keaton as Kay Corleone | Robert De Niro as Vito Corleone | John Cazale as Frederico 'Fredo' Corleone | Talia Shire as Constanzia 'Connie' Corleone | Lee Strasberg as Hyman Roth | Michael V. Gazzo as Frank Pentangeli | G.D. Spradlin as Senator Pat Geary | Richard Bright as Al Neri,240
12 Angry Men,https://cinejoy.to/movie/389-12-angry-men-1957,https://image.tmdb.org/t/p/w500/zhG3vKWyDRaZYoaww1UVAi29T9h.jpg,1957-04-10,8.571,97,,Sidney Lumet,"The defense and the prosecution have rested and the jury is filing into the jury room to decide if a young Spanish-American is guilty or innocent of murdering his father. What begins as an open and shut case soon becomes a mini-drama of each of the jurors' prejudices and preconceptions about the trial, the accused, and each other.",en,Martin Balsam as Juror 1 | John Fiedler as Juror 2 | Lee J. Cobb as Juror 3 | E.G. Marshall as Juror 4 | Jack Klugman as Juror 5 | Edward Binns as Juror 6 | Jack Warden as Juror 7 | Henry Fonda as Juror 8 | Joseph Sweeney as Juror 9 | Ed Begley as Juror 10,389
Chainsaw Man - The Movie: Reze Arc,https://cinejoy.to/movie/1218925-chainsaw-man-the-movie-reze-arc-2025,https://image.tmdb.org/t/p/w500/pHyxb2RV5wLlboAwm9ZJ9qTVEDw.jpg,2025-09-19,8.555,100,,Tatsuya Yoshihara,"In a brutal war between devils, hunters, and secret enemies, a mysterious girl named Reze has stepped into Denji's world, and he faces his deadliest battle yet, fueled by love in a world where survival knows no rules.",ja,Kikunosuke Toya as Denji (voice) | Tomori Kusunoki as Makima (voice) | Reina Ueda as Reze (voice) | Shogo Sakata as Aki (voice) | Karin Takahashi as Kobeni (voice) | Fairouz Ai as Power (voice) | Natsuki Hanae as Beam (voice) | Maaya Uchida as Angel Devil (voice) | Yuuya Uchida as The Violence Fiend (voice) | Shiori Izawa as Pochita (voice),1218925
The Dark Knight,https://cinejoy.to/movie/155-the-dark-knight-2008,https://image.tmdb.org/t/p/w500/qJ2tW6WMUDux911r6m7haRef0WH.jpg,2008-07-16,8.535,152,,Christopher Nolan,"Batman raises the stakes in his war on crime. With the help of Lt. Jim Gordon and District Attorney Harvey Dent, Batman sets out to dismantle the remaining criminal organizations that plague the streets. The partnership proves to be effective, but they soon find themselves prey to a reign of chaos unleashed by a rising criminal mastermind known to the terrified citizens of Gotham as the Joker.",en,Christian Bale as Bruce Wayne | Heath Ledger as Joker | Aaron Eckhart as Harvey Dent | Michael Caine as Alfred | Maggie Gyllenhaal as Rachel | Gary Oldman as Gordon | Morgan Freeman as Lucius Fox | Monique Gabriela Curnen as Ramirez | Ron Dean as Wuertz | Cillian Murphy as Scarecrow,155
Spirited Away,https://cinejoy.to/movie/129-spirited-away-2001,https://image.tmdb.org/t/p/w500/39wmItIWsg5sZMyRUHLkWBcuVCM.jpg,2001-07-20,8.535,125,,Hayao Miyazaki,"A young girl, Chihiro, becomes trapped in a strange new world of spirits. When her parents undergo a mysterious transformation, she must call upon the courage she never knew she had to free her family.",ja,Rumi Hiiragi as Chihiro (voice) | Miyu Irino as Haku (voice) | Mari Natsuki as Yubaba / Zeniba (voice) | Takashi Naito as Father (voice) | Yasuko Sawaguchi as Mother (voice) | Tatsuya Gashuin as Aogaeru (voice) | Ryunosuke Kamiki as Boh (voice) | Yumi Tamai as Rin (voice) | Yo Oizumi as Bandai Frog (voice) | Koba Hayashi as River Spirit (voice),129
The Green Mile,https://cinejoy.to/movie/497-the-green-mile-1999,https://image.tmdb.org/t/p/w500/8VG8fDNiy50H4FedGwdSVUPoaJe.jpg,1999-12-10,8.506,189,,Frank Darabont,"A supernatural tale set on death row in a Southern prison, where gentle giant John Coffey possesses the mysterious power to heal people's ailments. When the cell block's head guard, Paul Edgecomb, recognizes Coffey's miraculous gift, he tries desperately to help stave off the condemned man's execution.",en,Tom Hanks as Paul Edgecomb | David Morse as Brutus 'Brutal' Howell | Bonnie Hunt as Jan Edgecomb | Michael Clarke Duncan as John Coffey | James Cromwell as Warden Hal Moores | Michael Jeter as Eduard Delacroix | Graham Greene as Arlen Bitterbuck | Doug Hutchison as Percy Wetmore | Sam Rockwell as 'Wild Bill' Wharton | Barry Pepper as Dean Stanton,497
Dilwale Dulhania Le Jayenge,https://cinejoy.to/movie/19404-dilwale-dulhania-le-jayenge-1995,https://image.tmdb.org/t/p/w500/lfRkUr7DYdHldAqi3PwdQGBRBPM.jpg,1995-10-20,8.504,190,,Aditya Chopra,"Raj is a rich, carefree, happy-go-lucky second generation NRI. Simran is the daughter of Chaudhary Baldev Singh, who in spite of being an NRI is very strict about adherence to Indian values. Simran has left for India to be married to her childhood fiancé. Raj leaves for India with a mission at his hands, to claim his lady love under the noses of her whole family. Thus begins a saga.",hi,"Kajol as Simran Singh | Shah Rukh Khan as Raj Malhotra | Amrish Puri as Chaudhry Baldev Singh | Farida Jalal as Lajwanti 'Lajjo' Singh | Anupam Kher as Dharamvir Malhotra | Pooja Ruparel as Rajeshwari ""Chutki"" Singh | Parmeet Sethi as Kuljeet Singh | Satish Shah as Ajit Singh, Kuljeet's Father | Mandira Bedi as Preeti Singh, Kuljeet's Sister | Achala Sachdev as Simran's Grandmother",19404
GoodFellas,https://cinejoy.to/movie/769-goodfellas-1990,https://image.tmdb.org/t/p/w500/9OkCLM73MIU2CrKZbqiT8Ln1wY2.jpg,1990-09-12,8.451,145,,Martin Scorsese,"The true story of Henry Hill, a half-Irish, half-Sicilian Brooklyn kid who is adopted by neighbourhood gangsters at an early age and climbs the ranks of a Mafia family under the guidance of Jimmy Conway.",en,Robert De Niro as James Conway | Ray Liotta as Henry Hill | Joe Pesci as Tommy DeVito | Lorraine Bracco as Karen Hill | Paul Sorvino as Paul Cicero | Frank Sivero as Frankie Carbone | Tony Darrow as Sonny Bunz | Mike Starr as Frenchy | Frank Vincent as Billy Batts | Chuck Low as Morris Kessler,769
Casablanca,https://cinejoy.to/movie/289-casablanca-1943,https://image.tmdb.org/t/p/w500/lGCEKlJo2CnWydQj7aamY7s1S7Q.jpg,1943-01-15,8.138,102,,Michael Curtiz,"In Casablanca, Morocco in December 1941, a cynical American expatriate meets a former lover, with unforeseen complications.",en,Humphrey Bogart as Rick Blaine | Ingrid Bergman as Ilsa Lund | Paul Henreid as Victor Laszlo | Claude Rains as Captain Louis Renault | Conrad Veidt as Major Heinrich Strasser | Sydney Greenstreet as Signor Ferrari | Peter Lorre as Ugarte | S.Z. Sakall as Carl | Madeleine Lebeau as Yvonne | Dooley Wilson as Sam,289
Pulp Fiction,https://cinejoy.to/movie/680-pulp-fiction-1994,https://image.tmdb.org/t/p/w500/vQWk5YBFWF4bZaofAbv0tShwBvQ.jpg,1994-09-10,8.48,154,,Quentin Tarantino,"A burger-loving hit man, his philosophical partner, a drug-addled gangster's moll and a washed-up boxer converge in this sprawling, comedic crime caper. Their adventures unfurl in three stories that ingeniously trip back and forth in time.",en,John Travolta as Vincent Vega | Samuel L. Jackson as Jules Winnfield | Uma Thurman as Mia Wallace | Bruce Willis as Butch Coolidge | Ving Rhames as Marsellus Wallace | Harvey Keitel as The Wolf | Eric Stoltz as Lance | Tim Roth as Pumpkin | Amanda Plummer as Honey Bunny | Maria de Medeiros as Fabienne,680
Dr. Strangelove or: How I Learned to Stop Worrying and Love the Bomb,https://cinejoy.to/movie/935-dr-strangelove-or-how-i-learned-to-stop-worrying-and-love-the-bomb-1964,https://image.tmdb.org/t/p/w500/gHm96BRW4GoI339rF1vYoYTB6Qe.jpg,1964-01-29,8.1,95,,Stanley Kubrick,"After the insane General Jack D. Ripper initiates a nuclear strike on the Soviet Union, a war room full of politicians, generals and a Russian diplomat all frantically try to stop it.",en,"Peter Sellers as Group Capt. Lionel Mandrake / President Merkin Muffley / Dr. Strangelove | George C. Scott as General 'Buck' Turgidson | Sterling Hayden as Brigadier General Jack D. Ripper | Keenan Wynn as Colonel Bat Guano | Slim Pickens as Major ""King"" Kong | Peter Bull as Botschafter De Sadesky | James Earl Jones as Lt. Lothar Zogg | Tracy Reed as Miss Scott | Jack Creley as Mr. Staines | Frank Berry as Lt. Dietrich",935
Citizen Kane,https://cinejoy.to/movie/15-citizen-kane-1941,https://image.tmdb.org/t/p/w500/sav0jxhqiH0bPr2vZFU0Kjt2nZL.jpg,1941-04-17,7.966,119,,Orson Welles,"Newspaper magnate Charles Foster Kane is taken from his mother as a boy and made the ward of a rich industrialist. As a result, every well-meaning, tyrannical or self-destructive move he makes for the rest of his life appears in some way to be a reaction to that deeply wounding event.",en,Orson Welles as Charles Foster Kane | Joseph Cotten as Jedediah Leland | Dorothy Comingore as Susan Alexander Kane | Ray Collins as Jim W. Gettys | George Coulouris as Walter Parks Thatcher | Agnes Moorehead as Mary Kane | Paul Stewart as Raymond | Ruth Warrick as Emily Norton Kane | Erskine Sanford as Herbert Carter | William Alland as Jerry Thompson/Narrator,15
All About Eve,https://cinejoy.to/movie/705-all-about-eve-1950,https://image.tmdb.org/t/p/w500/blBzZaatPWVuWpXEnPscMA4Xp6m.jpg,1950-11-09,8.072,139,,Joseph L. Mankiewicz,"From the moment she glimpses her idol at the stage door, Eve Harrington is determined to take the reins of power away from the great actress Margo Channing. Eve maneuvers her way into Margo's Broadway role, becomes a sensation and even causes turmoil in the lives of Margo's director boyfriend, her playwright and his wife. Only the cynical drama critic sees through Eve, admiring her audacity and perfect pattern of deceit.",en,Bette Davis as Margo Channing | Anne Baxter as Eve Harrington | George Sanders as Addison DeWitt | Celeste Holm as Karen Richards | Gary Merrill as Bill Sampson | Hugh Marlowe as Lloyd Richards | Thelma Ritter as Birdie Coonan | Gregory Ratoff as Max Fabian | Marilyn Monroe as Miss Caswell | Barbara Bates as Phoebe,705
It's a Wonderful Life,https://cinejoy.to/movie/1585-it-s-a-wonderful-life-1946,https://image.tmdb.org/t/p/w500/bSqt9rhDZx1Q7UZ86dBPKdNomp2.jpg,1946-12-20,8.277,131,,Frank Capra,"George Bailey has spent his entire life giving to the people of Bedford Falls.  All that prevents rich skinflint Mr. Potter from taking over the entire town is George's modest building and loan company.  But on Christmas Eve the business's $8,000 is lost and George's troubles begin.",en,James Stewart as George Bailey | Donna Reed as Mary Hatch | Lionel Barrymore as Mr. Potter | Thomas Mitchell as Uncle Billy | Henry Travers as Clarence | Beulah Bondi as Mrs. Bailey | Frank Faylen as Ernie | Ward Bond as Bert | Gloria Grahame as Violet | H.B. Warner as Mr. Gower,1585
Sunset Boulevard,https://cinejoy.to/movie/599-sunset-boulevard-1950,https://image.tmdb.org/t/p/w500/zt8aQ6ksqK6p1AopC5zVTDS9pKT.jpg,1950-08-10,8.272,110,,Billy Wilder,A hack screenwriter writes a screenplay for a former silent film star who has faded into Hollywood obscurity.,en,William Holden as Joe Gillis | Gloria Swanson as Norma Desmond | Erich von Stroheim as Max von Mayerling | Nancy Olson as Betty Schaefer | Fred Clark as Sheldrake | Lloyd Gough as Morino | Jack Webb as Artie Green | Franklyn Farnum as Undertaker | Larry J. Blake as Finance Man #1 | Charles Dayton as Finance Man #2,599
Star Wars,https://cinejoy.to/movie/11-star-wars-1977,https://image.tmdb.org/t/p/w500/fai0rspsNeJCS69wHNjOdWxcI7P.jpg,1977-05-25,8.207,121,,George Lucas,Princess Leia is captured and held hostage by the evil Imperial forces in their effort to take over the galactic Empire. Venturesome Luke Skywalker and dashing captain Han Solo team together with the loveable robot duo R2-D2 and C-3PO to rescue the beautiful princess and restore peace and justice in the Empire.,en,"Mark Hamill as Luke Skywalker | Harrison Ford as Han Solo | Carrie Fisher as Princess Leia Organa | Peter Cushing as Grand Moff Tarkin | Alec Guinness as Obi-Wan ""Ben"" Kenobi | Anthony Daniels as C-3PO | Kenny Baker as R2-D2 | Peter Mayhew as Chewbacca | David Prowse as Darth Vader (performer) | James Earl Jones as Darth Vader (voice) (uncredited)",11
Whiplash,https://cinejoy.to/movie/244786-whiplash-2014,https://image.tmdb.org/t/p/w500/7fn624j5lj3xTme2SgiLCeuedmO.jpg,2014-10-10,8.376,107,,Damien Chazelle,"Under the direction of a ruthless instructor, a talented young drummer begins to pursue perfection at any cost, even his humanity.",en,Miles Teller as Andrew | J.K. Simmons as Fletcher | Paul Reiser as Jim | Melissa Benoist as Nicole | Austin Stowell as Ryan | Nate Lang as Carl | Chris Mulkey as Uncle Frank | Damon Gupton as Mr. Kramer | Suanne Spoke as Aunt Emma | Max Kasch as Dorm Neighbor,244786
Apocalypse Now,https://cinejoy.to/movie/28-apocalypse-now-1979,https://image.tmdb.org/t/p/w500/gQB8Y5RCMkv2zwzFHbUJX3kAhvA.jpg,1979-05-19,8.261,147,,Francis Ford Coppola,"At the height of the Vietnam war, Captain Benjamin Willard is sent on a dangerous mission that, officially, ""does not exist, nor will it ever exist."" His goal is to locate - and eliminate - a mysterious Green Beret Colonel named Walter Kurtz, who has been leading his personal army on illegal guerrilla missions into enemy territory.",en,"Martin Sheen as Captain Benjamin Willard | Marlon Brando as Colonel Walter Kurtz | Frederic Forrest as Jay 'Chef' Hicks | Albert Hall as Chief Phillips | Laurence Fishburne as Tyrone 'Clean' Miller | Sam Bottoms as Lance B. Johnson | Robert Duvall as Lieutenant Colonel Bill Kilgore | G.D. Spradlin as General Corman | Harrison Ford as Colonel | Jerry Ziesmer as Jerry, Civilian",28
Lawrence of Arabia,https://cinejoy.to/movie/947-lawrence-of-arabia-1962,https://image.tmdb.org/t/p/w500/AiAm0EtDvyGqNpVoieRw4u65vD1.jpg,1962-12-11,8.0,228,,David Lean,"During World War I, English officer Thomas Edward 'T.E.' Lawrence sets out to unite and lead the diverse, often warring, Arab tribes to fight the Turks.",en,Peter O'Toole as T.E. Lawrence | Alec Guinness as Prince Feisal | Omar Sharif as Sherif Ali | Anthony Quinn as Auda abu Tayi | Jack Hawkins as General Allenby | José Ferrer as Turkish Bey | Anthony Quayle as Colonel Harry Brighton | Claude Rains as Mr. Dryden | Arthur Kennedy as Jackson Bentley | Donald Wolfit as General Murray,947
Saving Private Ryan,https://cinejoy.to/movie/857-saving-private-ryan-1998,https://image.tmdb.org/t/p/w500/uqx37cS8cpHg8U35f9U5IBlrCV3.jpg,1998-07-24,8.233,169,,Steven Spielberg,"As U.S. troops storm the beaches of Normandy, three brothers lie dead on the battlefield, with a fourth trapped behind enemy lines. Ranger captain John Miller and seven men are tasked with penetrating German-held territory and bringing the boy home.",en,Tom Hanks as Captain Miller | Tom Sizemore as Sergeant Horvath | Edward Burns as Private Reiben | Barry Pepper as Private Jackson | Adam Goldberg as Private Mellish | Vin Diesel as Private Caparzo | Giovanni Ribisi as T/4 Medic Wade | Jeremy Davies as Corporal Upham | Matt Damon as Private Ryan | Ted Danson as Captain Hamill,857
Double Indemnity,https://cinejoy.to/movie/996-double-indemnity-1944,https://image.tmdb.org/t/p/w500/rVNYZZgfhwqVMMWlBmxOfWqnwCj.jpg,1944-07-06,8.086,107,,Billy Wilder,"An insurance representative is seduced by a dissatisfied housewife into a scheme of insurance fraud and murder that arouses the suspicion of his colleague, a claims investigator.",en,Fred MacMurray as Walter Neff | Barbara Stanwyck as Phyllis Dietrichson | Edward G. Robinson as Barton Keyes | Porter Hall as Mr. Jackson | Jean Heather as Lola Dietrichson | Tom Powers as Mr. Dietrichson | Byron Barr as Nino Zachetti | Richard Gaines as Mr. Norton | Fortunio Bonanova as Sam Garlopis | John Philliber as Joe Pete,996
The Treasure of the Sierra Madre,https://cinejoy.to/movie/3090-the-treasure-of-the-sierra-madre-1948,https://image.tmdb.org/t/p/w500/pWcst7zVbi8Z8W6GFrdNE7HHRxL.jpg,1948-01-15,7.949,126,,John Huston,"Two jobless Americans convince a prospector to travel to the mountains of Mexico with them in search of gold. But the hostile wilderness, local bandits, and greed all get in the way of their journey.",en,Humphrey Bogart as Fred C. Dobbs | Walter Huston as Howard | Tim Holt as Bob Curtin | Bruce Bennett as James Cody | Barton MacLane as Pat McCormick | Alfonso Bedoya as Gold Hat | Arturo Soto Rangel as El Presidente | Manuel Dondé as El Jefe | José Torvay as Pablo | Robert Blake as Mexican Boy Selling Lottery Tickets (uncredited),3090
The Apartment,https://cinejoy.to/movie/284-the-apartment-1960,https://image.tmdb.org/t/p/w500/hhSRt1KKfRT0yEhEtRW3qp31JFU.jpg,1960-06-21,8.182,126,,Billy Wilder,"Bud Baxter is a minor clerk in a huge New York insurance company, until he discovers a quick way to climb the corporate ladder. He lends out his apartment to the executives as a place to take their mistresses. Although he often has to deal with the aftermath of their visits, one night he's left with a major problem to solve.",en,Jack Lemmon as C.C. Baxter | Shirley MacLaine as Fran Kubelik | Fred MacMurray as Jeff D. Sheldrake | Ray Walston as Joe Dobisch | Jack Kruschen as Dr. Dreyfuss | David Lewis as Al Kirkeby | Hope Holiday as Margie MacDougall | Joan Shawlee as Sylvia | Naomi Stevens as Mrs. Mildred Dreyfuss | Johnny Seven as Karl Matuschka,284
I'm Still Here,https://cinejoy.to/movie/1000837-i-m-still-here-2024,https://image.tmdb.org/t/p/w500/gZnsMbhCvhzAQlKaVpeFRHYjGyb.jpg,2024-09-19,7.913,138,,Walter Salles,A woman married to a former politician during the 1971 military dictatorship in Brazil is forced to reinvent herself and chart a new course for her family after a violent and arbitrary act.,pt,Fernanda Torres as Eunice Paiva | Fernanda Montenegro as Eunice Paiva (Older) | Selton Mello as Rubens Paiva | Valentina Herszage as Veroca | Maria Manoella as Veroca | Bárbara Luz as Nalu | Gabriela Carneiro da Cunha as Nalu | Luiza Kosovski as Eliana | Marjorie Estiano as Eliana | Pri Helena as Zezé,1000837
The Pianist,https://cinejoy.to/movie/423-the-pianist-2002,https://image.tmdb.org/t/p/w500/2hFvxCCWrTmCYwfy7yum0GKRi3Y.jpg,2002-09-17,8.371,150,,Roman Polanski,"The true story of pianist Władysław Szpilman's experiences in Warsaw during the Nazi occupation. When the Jews of the city find themselves forced into a ghetto, Szpilman finds work playing in a café; and when his family is deported in 1942, he stays behind, works for a while as a laborer, and eventually goes into hiding in the ruins of the war-torn city.",en,Adrien Brody as Władysław 'Władek' Szpilman | Thomas Kretschmann as Captain Wilm Hosenfeld | Frank Finlay as Father | Maureen Lipman as Mother | Emilia Fox as Dorota | Ed Stoppard as Henryk Szpilman | Julia Rayner as Regina Szpilman | Jessica Kate Meyer as Halina Szpilman | Michał Żebrowski as Jurek | Wanja Mues as SS Slapping Father,423
Children of Men,https://cinejoy.to/movie/9693-children-of-men-2006,https://image.tmdb.org/t/p/w500/k9IAS4TehZFcKi4HVByxZNPfqex.jpg,2006-09-22,7.615,109,,Alfonso Cuarón,"In 2027, in a chaotic world in which humans can no longer procreate, a former activist agrees to help transport a miraculously pregnant woman to a sanctuary at sea, where her child's birth may help scientists save the future of humankind.",en,Clive Owen as Theo Faron | Clare-Hope Ashitey as Kee | Chiwetel Ejiofor as Luke | Julianne Moore as Julian | Michael Caine as Jasper | Pam Ferris as Miriam | Charlie Hunnam as Patric | Danny Huston as Nigel | Peter Mullan as Syd | Oana Pellea as Marichka,9693
Mystic River,https://cinejoy.to/movie/322-mystic-river-2003,https://image.tmdb.org/t/p/w500/hCHVDbo6XJGj3r2i4hVjKhE0GKF.jpg,2003-10-08,7.743,138,,Clint Eastwood,The lives of three men who were childhood friends are shattered when one of them suffers a family tragedy.,en,Sean Penn as Jimmy Markum | Tim Robbins as Dave Boyle | Kevin Bacon as Sean Devine | Laurence Fishburne as Whitey Powers | Marcia Gay Harden as Celeste Boyle | Laura Linney as Annabeth Markum | Kevin Chapman as Val Savage | Tom Guiry as Brendan Harris | Emmy Rossum as Katie Markum | Spencer Treat Clark as Silent Ray Harris,322
Casino,https://cinejoy.to/movie/524-casino-1995,https://image.tmdb.org/t/p/w500/gziIkUSnYuj9ChCi8qOu2ZunpSC.jpg,1995-11-22,7.998,179,,Martin Scorsese,"In Las Vegas, two best friends--a casino executive and a Mafia enforcer--compete for a gambling empire and a fast-living, fast-loving socialite.",en,Robert De Niro as Sam 'Ace' Rothstein | Sharon Stone as Ginger McKenna | Joe Pesci as Nicky Santoro | James Woods as Lester Diamond | Don Rickles as Billy Sherbert | Alan King as Andy Stone | Kevin Pollak as Phillip Green | L.Q. Jones as Pat Webb | Dick Smothers as Senator | Frank Vincent as Frank Marino,524
The Shining,https://cinejoy.to/movie/694-the-shining-1980,https://image.tmdb.org/t/p/w500/uAR0AWqhQL1hQa69UDEbb2rE5Wx.jpg,1980-05-23,8.201,144,,Stanley Kubrick,"Jack Torrance accepts a caretaker job at the Overlook Hotel, where he, along with his wife Wendy and their son Danny, must live isolated from the rest of the world for the winter. But they aren't prepared for the madness that lurks within.",en,Jack Nicholson as Jack Torrance | Shelley Duvall as Wendy Torrance | Danny Lloyd as Danny | Scatman Crothers as Hallorann | Barry Nelson as Ullman | Philip Stone as Grady | Joe Turkel as Lloyd | Anne Jackson as Doctor | Tony Burton as Durkin | Lia Beldam as Young Woman in Bath,694
Memento,https://cinejoy.to/movie/77-memento-2000,https://image.tmdb.org/t/p/w500/nzlv62aC0octS5AklAiWpXLX9Z0.jpg,2000-10-11,8.173,113,,Christopher Nolan,"Leonard Shelby is tracking down the man who raped and murdered his wife. The difficulty of locating his wife's killer, however, is compounded by the fact that he suffers from a rare, untreatable form of short-term memory loss. Although he can recall details of life before his accident, Leonard cannot remember what happened fifteen minutes ago, where he's going, or why.",en,Guy Pearce as Leonard | Carrie-Anne Moss as Natalie | Joe Pantoliano as Teddy | Mark Boone Junior as Burt | Russ Fega as Waiter | Jorja Fox as Leonard's Wife | Stephen Tobolowsky as Sammy | Harriet Sansom Harris as Mrs. Jankis | Thomas Lennon as Doctor | Callum Keith Rennie as Dodd,77
Blackfish,https://cinejoy.to/movie/158999-blackfish-2013,https://image.tmdb.org/t/p/w500/kCk4mDFE96Mn1AYfEcbxkIiw7ND.jpg,2013-06-07,7.851,83,,Gabriela Cowperthwaite,"Notorious killer whale Tilikum is responsible for the deaths of three individuals, including a top killer whale trainer. Blackfish shows the sometimes devastating consequences of keeping such intelligent and sentient creatures in captivity.",en,Dean Gomersall as Self | Samantha Berg as Self | John Jett as Self | John Hargrove as Self | Carol Ray as Self | Jeffrey Ventre as Self | Kim Ashdown as Self | Ken Balcomb as Self | Mark Simmons as Self | Thomas Tobin as Self,158999
Nightcrawler,https://cinejoy.to/movie/242582-nightcrawler-2014,https://image.tmdb.org/t/p/w500/j9HrX8f7GbZQm1BrBiR40uFQZSb.jpg,2014-10-23,7.709,118,,Dan Gilroy,"When Lou Bloom, desperate for work, muscles into the world of L.A. crime journalism, he blurs the line between observer and participant to become the star of his own story. Aiding him in his effort is Nina, a TV-news veteran.",en,Jake Gyllenhaal as Louis Bloom | Rene Russo as Nina Romina | Riz Ahmed as Rick | Bill Paxton as Joe Loder | Kevin Rahm as Frank Kruse | Michael Hyatt as Detective Frontieri | Price Carson as Detective Lieberman | Ann Cusack as Linda | Kent Shocknek as Kent Shocknek | Sharon Tay as Sharon Tay,242582
Get Out,https://cinejoy.to/movie/419430-get-out-2017,https://image.tmdb.org/t/p/w500/tFXcEccSQMf3lfhfXKSU9iRBpa3.jpg,2017-02-24,7.625,104,,Jordan Peele,"Chris and his girlfriend Rose go upstate to visit her parents for the weekend. At first, Chris reads the family's overly accommodating behavior as nervous attempts to deal with their daughter's interracial relationship, but as the weekend progresses, a series of increasingly disturbing discoveries lead him to a truth that he never could have imagined.",en,Daniel Kaluuya as Chris Washington | Allison Williams as Rose Armitage | Catherine Keener as Missy Armitage | Bradley Whitford as Dean Armitage | Caleb Landry Jones as Jeremy Armitage | Marcus Henderson as Walter | Betty Gabriel as Georgina | LaKeith Stanfield as Andre Logan King | Stephen Root as Jim Hudson | Lil Rel Howery as Rod Williams,419430
The Bourne Ultimatum,https://cinejoy.to/movie/2503-the-bourne-ultimatum-2007,https://image.tmdb.org/t/p/w500/15rMz5MRXFp7CP4VxhjYw4y0FUn.jpg,2007-08-03,7.443,115,,Paul Greengrass,"Bourne is brought out of hiding once again by reporter Simon Ross who is trying to unveil Operation Blackbriar, an upgrade to Project Treadstone, in a series of newspaper columns. Information from the reporter stirs a new set of memories, and Bourne must finally uncover his dark past while dodging The Company's best efforts to eradicate him.",en,Matt Damon as Jason Bourne | Julia Stiles as Nicky Parsons | David Strathairn as Noah Vosen | Scott Glenn as CIA Director Ezra Kramer | Paddy Considine as Simon Ross | Edgar Ramírez as Paz | Albert Finney as Dr. Albert Hirsch | Joan Allen as Pamela Landy | Tom Gallop as Tom Cronin | Corey Johnson as Conrad Wills,2503
Gone Girl,https://cinejoy.to/movie/210577-gone-girl-2014,https://image.tmdb.org/t/p/w500/ts996lKsxvjkO2yiYG0ht4qAicO.jpg,2014-10-01,7.889,149,,David Fincher,"With his wife's disappearance having become the focus of an intense media circus, a man sees the spotlight turned on him when it's suspected that he may not be innocent.",en,Ben Affleck as Nick Dunne | Rosamund Pike as Amy Dunne | Neil Patrick Harris as Desi Collings | Tyler Perry as Tanner Bolt | Carrie Coon as Margo Dunne | Kim Dickens as Detective Rhonda Boney | Patrick Fugit as Officer James Gilpin | David Clennon as Rand Elliott | Lisa Banes as Marybeth Elliott | Missi Pyle as Ellen Abbott,210577
Black Swan,https://cinejoy.to/movie/44214-black-swan-2010,https://image.tmdb.org/t/p/w500/viWheBd44bouiLCHgNMvahLThqx.jpg,2010-12-03,7.682,108,,Darren Aronofsky,"A committed dancer struggles to maintain her sanity after winning the lead role in a production of Tchaikovsky's ""Swan Lake.""",en,Natalie Portman as Nina Sayers / The Swan Queen | Mila Kunis as Lily / The Black Swan | Vincent Cassel as Thomas Leroy / The Gentleman | Barbara Hershey as Erica Sayers / The Queen | Winona Ryder as Beth Macintyre / The Dying Swan | Benjamin Millepied as David Moreau / The Prince | Ksenia Solo as Veronica / Little Swan | Kristina Anapau as Galina / Little Swan | Janet Montgomery as Madeline / Little Swan | Sebastian Stan as Andrew / Suitor,44214
The Prestige,https://cinejoy.to/movie/1124-the-prestige-2006,https://image.tmdb.org/t/p/w500/Ag2B2KHKQPukjH7WutmgnnSNurZ.jpg,2006-10-19,8.211,130,,Christopher Nolan,"A mysterious story of two magicians whose intense rivalry leads them on a life-long battle for supremacy -- full of obsession, deceit and jealousy with dangerous and deadly consequences.",en,Hugh Jackman as Robert Angier | Christian Bale as Alfred Borden | Michael Caine as Cutter | Piper Perabo as Julia McCullough | Rebecca Hall as Sarah | Scarlett Johansson as Olivia Wenscombe | Samantha Mahurin as Jess | David Bowie as Tesla | Andy Serkis as Alley | Daniel Davis as Judge,1124
The Sixth Sense,https://cinejoy.to/movie/745-the-sixth-sense-1999,https://image.tmdb.org/t/p/w500/vOyfUXNFSnaTk7Vk5AjpsKTUWsu.jpg,1999-08-06,7.954,107,,M. Night Shyamalan,"Following an unexpected tragedy, child psychologist Malcolm Crowe meets a nine year old boy named Cole Sear, who is hiding a dark secret.",en,Bruce Willis as Malcolm Crowe | Haley Joel Osment as Cole Sear | Toni Collette as Lynn Sear | Olivia Williams as Anna Crowe | Trevor Morgan as Tommy Tammisimo | Donnie Wahlberg as Vincent Gray | Peter Anthony Tambakis as Darren | Jeffrey Zubernis as Bobby | Bruce Norris as Stanley Cunningham | Glenn Fitzgerald as Sean,745
"The Cook, the Thief, His Wife & Her Lover",https://cinejoy.to/movie/7452-the-cook-the-thief-his-wife-her-lover-1989,https://image.tmdb.org/t/p/w500/15xMqAnFsROopAT66zdRyu2Dtek.jpg,1989-10-13,7.332,124,,Peter Greenaway,"When churlish mobster Albert Spica acquires an upscale French restaurant in London, he dines there nightly, effectively scaring off the clientele with his bad manners. His wife, Georgina, is especially disgusted by him, and soon begins an affair with regular guest Michael. Despite their best efforts to keep it secret, Spica learns about their trysts, and he plots a terrible revenge.",en,Michael Gambon as Albert Spica | Richard Bohringer as Richard Boarst | Helen Mirren as Georgina Spica | Alan Howard as Michael | Tim Roth as Mitchel | Ciarán Hinds as Cory | Liz Smith as Grace | Gary Olsen as Spangler | Ewan Stewart as Harris | Roger Ashton-Griffiths as Turpin,7452
Misery,https://cinejoy.to/movie/1700-misery-1990,https://image.tmdb.org/t/p/w500/klPO5oh1LOxiPpdDXZo1ADgpKcw.jpg,1990-11-30,7.753,107,,Rob Reiner,"After an accident, acclaimed novelist Paul Sheldon is rescued by a nurse who claims to be his biggest fan.  Her obsession takes a dark turn when she holds him captive in her remote Colorado home and forces him to write back to life the popular literary character he killed off.",en,Kathy Bates as Annie Wilkes | James Caan as Paul Sheldon | Richard Farnsworth as Buster | Lauren Bacall as Marcia Sindell | Frances Sternhagen as Virginia | Graham Jarvis as Libby | Jerry Potter as Pete | Thomas Brunelle as Anchorman | June Christopher as Anchorwoman | Julie Payne as Reporter #1,1700
The Talented Mr. Ripley,https://cinejoy.to/movie/1213-the-talented-mr-ripley-1999,https://image.tmdb.org/t/p/w500/6ojHgqtIR41O2qLKa7LFUVj0cZa.jpg,1999-12-25,7.195,140,,Anthony Minghella,"Tom Ripley is a calculating young man who believes it's better to be a fake somebody than a real nobody. Opportunity knocks in the form of a wealthy U.S. shipbuilder who hires Tom to travel to Italy to bring back his playboy son, Dickie. Ripley worms his way into the idyllic lives of Dickie and his girlfriend, plunging into a daring scheme of duplicity, lies and murder.",en,Matt Damon as Tom Ripley | Gwyneth Paltrow as Marge Sherwood | Jude Law as Dickie Greenleaf | Cate Blanchett as Meredith Logue | Philip Seymour Hoffman as Freddie Miles | Jack Davenport as Peter Smith-Kingsley | James Rebhorn as Herbert Greenleaf | Sergio Rubini as Inspector Roverini | Philip Baker Hall as Alvin MacCarron | Celia Weston as Aunt Joan,1213
Moon,https://cinejoy.to/movie/17431-moon-2009,https://image.tmdb.org/t/p/w500/35IU0Mq0zFsN1mYwDGts5mKc77n.jpg,2009-06-12,7.562,97,,Duncan Jones,"With only three weeks left in his three-year contract, Sam Bell is eager to return to Earth. Stationed alone at a Moon-based facility with his computer assistant GERTY, an unexpected accident sets off a series of unsettling events that shake his isolation.",en,Sam Rockwell as Sam Bell | Kevin Spacey as GERTY (voice) | Dominique McElligott as Tess Bell | Rosie Shaw as Little Eve | Adrienne Shaw as Nanny | Kaya Scodelario as Eve | Benedict Wong as Thompson | Matt Berry as Overmeyers | Malcolm Stewart as Technician | Robin Chalk as Sam Bell Clone,17431
Prisoners,https://cinejoy.to/movie/146233-prisoners-2013,https://image.tmdb.org/t/p/w500/uhviyknTT5cEQXbn6vWIqfM4vGm.jpg,2013-09-19,8.105,153,,Denis Villeneuve,"After his six-year-old daughter is abducted, a desperate father takes justice into his own hands when he loses faith in the detective leading the investigation, setting both men on a collision course as the search descends into obsession and moral compromise.",en,Hugh Jackman as Keller Dover | Jake Gyllenhaal as Detective Loki | Viola Davis as Nancy Birch | Maria Bello as Grace Dover | Terrence Howard as Franklin Birch | Melissa Leo as Holly Jones | Paul Dano as Alex Jones | Dylan Minnette as Ralph Dover | Zoë Soul as Eliza Birch | Erin Gerasimovich as Anna Dover,146233
Léon: The Professional,https://cinejoy.to/movie/101-leon-the-professional-1994,https://image.tmdb.org/t/p/w500/bxB2q91nKYp8JNzqE7t7TWBVupB.jpg,1994-09-14,8.29,111,,Luc Besson,"Léon, the top hit man in New York, has earned a rep as an effective ""cleaner"". But when his next-door neighbors are wiped out by a loose-cannon DEA agent, he becomes the unwilling custodian of 12-year-old Mathilda. Before long, Mathilda's thoughts turn to revenge, and she considers following in Léon's footsteps.",fr,Jean Reno as Léon Montana | Natalie Portman as Mathilda Lando | Gary Oldman as Norman Stansfield | Danny Aiello as Old Tony | Peter Appel as Agent Malky | Michael Badalucco as Mathilda's Father | Ellen Greene as Mathilda's Mother | Frank Senger as Fatman | Elizabeth Regen as Mathilda's Sister | Carl J. Matusovich as Mathilda's Brother,101
The Bourne Identity,https://cinejoy.to/movie/2501-the-bourne-identity-2002,https://image.tmdb.org/t/p/w500/aP8swke3gmowbkfZ6lmNidu0y9p.jpg,2002-06-14,7.485,119,,Doug Liman,"Wounded to the brink of death and suffering from amnesia, Jason Bourne is rescued at sea by a fisherman. With nothing to go on but a Swiss bank account number, he starts to reconstruct his life, but finds that many people he encounters want him dead. However, Bourne realizes that he has the combat and mental skills of a world-class spy—but who does he work for?",en,Matt Damon as Jason Bourne | Franka Potente as Marie Helena Kreutz | Chris Cooper as Alexander Conklin | Clive Owen as The Professor | Brian Cox as Ward Abbott | Adewale Akinnuoye-Agbaje as Nykwana Wombosi | Gabriel Mann as Danny Zorn | Julia Stiles as Nicky Parsons | Walton Goggins as Research Tech | Josh Hamilton as Research Tech,2501
Shutter Island,https://cinejoy.to/movie/11324-shutter-island-2010,https://image.tmdb.org/t/p/w500/nrmXQ0zcZUL8jFLrakWc90IR8z9.jpg,2010-02-14,8.197,138,,Martin Scorsese,"World War II soldier-turned-U.S. Marshal Teddy Daniels investigates the disappearance of a patient from a hospital for the criminally insane, but his efforts are compromised by troubling visions and a mysterious doctor.",en,Leonardo DiCaprio as Teddy Daniels | Mark Ruffalo as Chuck Aule | Ben Kingsley as Dr. Cawley | Max von Sydow as Dr. Naehring | Michelle Williams as Dolores | Emily Mortimer as Rachel 1 | Patricia Clarkson as Rachel 2 | Jackie Earle Haley as George Noyce | Ted Levine as Warden | John Carroll Lynch as Deputy Warden McPherson,11324
The Outfit,https://cinejoy.to/movie/799876-the-outfit-2022,https://image.tmdb.org/t/p/w500/lZa5EB6PVJBT5mxhgZS5ftqdAm6.jpg,2022-02-25,7.095,105,,Graham Moore,"Leonard is an English tailor who used to craft suits on London’s world-famous Savile Row. After a personal tragedy, he’s ended up in Chicago, operating a small tailor shop in a rough part of town where he makes beautiful clothes for the only people around who can afford them: a family of vicious gangsters.",en,Mark Rylance as Leonard Burling | Zoey Deutch as Mable Shaun | Johnny Flynn as Francis | Dylan O'Brien as Richie Boyle | Simon Russell Beale as Roy Boyle | Nikki Amuka-Bird as Violet LaFontaine | Alan Mehdizadeh as Monk | Johnathan McClain as FBI Agent | Scoop Wasserstein as Customer | Chiedu Agborh as La Fontaine Bodyguard 1,799876
Lantana,https://cinejoy.to/movie/9523-lantana-2001,https://image.tmdb.org/t/p/w500/nTEUCdpDsfVDZJ5H0ndP1EmVtj.jpg,2001-10-04,6.654,121,,Ray Lawrence,"Plagued with grief over the murder of her daughter, Valerie Somers suspects that her husband John is cheating on her. When Valerie disappears, Detective Leon Zat attempts to solve the mystery of her absence. A complex web of love, sex and deceit emerges -- drawing in four related couples whose various partners are distrustful and suspicious about each other's involvement.",en,Anthony LaPaglia as Leon Zat | Geoffrey Rush as John Knox | Barbara Hershey as Valerie Somers | Kerry Armstrong as Sonja Zat | Rachael Blake as Jane O'May | Vince Colosimo as Nick | Russell Dykstra as Michael | Daniela Farinacci as Paula D'Amato | Peter Phelps as Patrick Phelan | Leah Purcell as Claudia Wiss,9523
A Quiet Place Part II,https://cinejoy.to/movie/520763-a-quiet-place-part-ii-2021,https://image.tmdb.org/t/p/w500/4q2hz2m8hubgvijz8Ez0T2Os2Yv.jpg,2021-05-21,7.428,97,,John Krasinski,"Following the events at home, the Abbott family now face the terrors of the outside world. Forced to venture into the unknown, they realize that the creatures that hunt by sound are not the only threats that lurk beyond the sand path.",en,Emily Blunt as Evelyn Abbott | John Krasinski as Lee Abbott | Millicent Simmonds as Regan Abbott | Noah Jupe as Marcus Abbott | Cillian Murphy as Emmett | Djimon Hounsou as Man on Island | Okieriete Onaodowan as Police Officer | Scoot McNairy as Marina Man | Zachary Golinger as Emmett's Son | Blake DeLong as Umpire,520763
Shoplifters,https://cinejoy.to/movie/505192-shoplifters-2018,https://image.tmdb.org/t/p/w500/4nfRUOv3LX5zLn98WS1WqVBk9E9.jpg,2018-06-02,7.829,120,,Hirokazu Kore-eda,"In the outskirts of Tokyo, a poor but close-knit group living on the fringes of society survives through shoplifting and odd jobs. When Osamu and his son take in a neglected young girl, their already fragile existence begins to unravel. As the family grows attached to her, buried secrets surface, forcing them to confront the true meaning of love, belonging, and what makes a family.",ja,Lily Franky as Osamu Shibata | Sakura Ando as Nobuyo Shibata | Mayu Matsuoka as Aki Shibata | Kairi Jo as Shota Shibata | Miyu Sasaki as Yuri | Kirin Kiki as Hatsue Shibata | Sosuke Ikematsu as 4 Ban-san | Naoto Ogata as Yuzuru Shibata | Yōko Moriguchi as Yoko Shibata | Yuki Yamada as Yasu Hojo,505192
The Third Man,https://cinejoy.to/movie/1092-the-third-man-1949,https://image.tmdb.org/t/p/w500/vqnFHTx1phgTAsLfxZoejSbMVHA.jpg,1949-08-31,7.9,105,,Carol Reed,"In postwar Vienna, Austria, Holly Martins, a writer of pulp Westerns, arrives penniless as a guest of his childhood chum Harry Lime, only to learn he has died. Martins develops a conspiracy theory after learning of a ""third man"" present at the time of Harry's death, running into interference from British officer Major Calloway, and falling head-over-heels for Harry's grief-stricken lover, Anna.",en,Joseph Cotten as Holly Martins | Alida Valli as Anna Schmidt | Trevor Howard as Major Calloway | Orson Welles as Harry Lime | Paul Hörbiger as Karl the Porter | Ernst Deutsch as 'Baron' Kurtz | Erich Ponto as Dr. Winkel | Siegfried Breuer as Popescu | Hedwig Bleibtreu as Anna's Landlady | Bernard Lee as Sergeant Paine,1092
The Leopard,https://cinejoy.to/movie/1040-the-leopard-1963,https://image.tmdb.org/t/p/w500/riSUxwoK3xjkOgy6YJSvPhi7cO6.jpg,1963-03-27,7.716,186,,Luchino Visconti,"As Garibaldi's troops begin the unification of Italy in the 1860s, an aristocratic Sicilian family grudgingly adapts to the sweeping social changes undermining their way of life.",it,Burt Lancaster as Prince Fabrizio Corbera of Salina | Claudia Cardinale as Angelica Sedara / Bastiana | Alain Delon as Tancredi Falconeri | Paolo Stoppa as Don Calogero Sedara | Rina Morelli as Princess Maria Stella Corbera of Salina | Romolo Valli as Father Pirrone | Terence Hill as Count Cavriaghi | Pierre Clémenti as Francesco Paolo | Lucilla Morlacchi as Concetta Corbera | Giuliano Gemma as Garibaldi's General,1040
Secrets & Lies,https://cinejoy.to/movie/11159-secrets-lies-1996,https://image.tmdb.org/t/p/w500/zQBuRQ3hrLhkEsXcxteUxuxLrvs.jpg,1996-05-24,7.577,142,,Mike Leigh,"After her adoptive mother dies, Hortense, a successful black optometrist, seeks out her birth mother. She's shocked when her research leads her to Cynthia, a working class white woman.",en,Brenda Blethyn as Cynthia Rose Purley | Marianne Jean-Baptiste as Hortense Cumberbatch | Timothy Spall as Maurice Purley | Phyllis Logan as Monica Purley | Claire Rushbrook as Roxanne Purley | Lee Ross as Paul | Lesley Manville as The Social Worker | Elizabeth Berrington as Jane | Michele Austin as Dionne | Ron Cook as Stuart,11159
Taxi Driver,https://cinejoy.to/movie/103-taxi-driver-1976,https://image.tmdb.org/t/p/w500/ekstpH614fwDX8DUln1a2Opz0N8.jpg,1976-02-09,8.122,114,,Martin Scorsese,"Suffering from insomnia, disturbed loner Travis Bickle takes a job as a New York City cabbie, haunting the streets nightly, growing increasingly detached from reality as he dreams of cleaning up the filthy city.",en,Robert De Niro as Travis Bickle | Jodie Foster as Iris | Cybill Shepherd as Betsy | Harvey Keitel as Sport | Peter Boyle as Wizard | Leonard Harris as Charles Palantine | Albert Brooks as Tom | Diahnne Abbott as Concession Girl | Frank Adu as Angry Black Man | Victor Argo as Melio,103
Farewell My Concubine,https://cinejoy.to/movie/10997-farewell-my-concubine-1993,https://image.tmdb.org/t/p/w500/f54hNIiHNINw3JiUJB2XaQl5wCN.jpg,1993-01-01,7.9,171,,Chen Kaige,"In an epic tale of theater, gender, love and class, two Beijing opera actors navigate political turmoil as their friendship evolves over decades.",zh,Leslie Cheung as Cheng Dieyi / Xiao Douzi | Zhang Fengyi as Duan Xiaolou / Xiao Shitou | Gong Li as Juxian | Lü Qi as Master Guan | Ying Da as Manager | Ge You as Master Yuan Shiqing | Lei Han as Xiao Si | Tong Di as Zhang the Eunuch | Yin Zhi as Teenage Douzi | Ma Mingwei as Young Douzi,10997
"Paris, Texas",https://cinejoy.to/movie/655-paris-texas-1984,https://image.tmdb.org/t/p/w500/sP27Qm4THyRZyHjHYMfIDtJP6YE.jpg,1984-07-16,8.1,145,,Wim Wenders,"A man wanders out of the desert not knowing who he is. His brother finds him, and helps to pull his memory back of the life he led before he walked out on his family and disappeared four years earlier.",en,Harry Dean Stanton as Travis | Nastassja Kinski as Jane | Dean Stockwell as Walt | Hunter Carson as Hunter | Aurore Clément as Anne | Bernhard Wicki as Doctor Ulmer | Sam Berry as Gas Station Attendant | Claresie Mobley as Car Rental Clerk | Viva as Woman on TV | Socorro Valdez as Carmelita,655
"4 Months, 3 Weeks and 2 Days",https://cinejoy.to/movie/2009-4-months-3-weeks-and-2-days-2007,https://image.tmdb.org/t/p/w500/acEtvzFPeOQwbzRWncjRLenhnKV.jpg,2007-08-24,7.539,114,,Cristian Mungiu,Two college roommates have 24 hours to make the ultimate choice as they finalize arrangements for a black market abortion.,ro,Anamaria Marinca as Otilia | Laura Vasiliu as Găbiță | Vlad Ivanov as Domnu' Bebe | Alexandru Potocean as Adi | Luminița Gheorghiu as Mrs. Radu | Adi Cărăuleanu as Mr Radu | Liliana Mocanu as Unirea Hotel receptionist | Doru Ana as Gas pump attendant | Ion Sapdaru as Mr Rusu | Cerasela Iosifescu as Receptionist Tineretului,2009
The Given Word,https://cinejoy.to/movie/59990-the-given-word-1962,https://image.tmdb.org/t/p/w500/wjNydK6CnoJFEp69OzAcSsAaIME.jpg,1962-04-17,8.1,98,,Anselmo Duarte,"Zé is a very poor man whose most prized possession is his donkey. When his donkey falls terminally ill, Zé makes a promise to Saint Bárbara: If his donkey recovers, he will carry a cross - like Jesus - all the way from his city to Saint Bárbara's church, in the state capital. Upon the recovery of his donkey, Zé leaves on his journey. He makes it to the church, but the priest refuses to accept the cross once he discovers the context of Zé's promise.",pt,Leonardo Villar as Zé do Burro | Glória Menezes as Rosa | Dionísio Azevedo as Padre Olavo | Geraldo del Rey as Bonitão | Roberto Ferreira as Dedé | Othon Bastos as Reporter | Antônio Pitanga as Mestre Coca | Gilberto Marques as Galego | Norma Bengell as Marly | Jurema Penna as Zealot,59990
It Was Just an Accident,https://cinejoy.to/movie/1456349-it-was-just-an-accident-2025,https://image.tmdb.org/t/p/w500/eNYGj2DG3n8OrVPTfYunpPW9uas.jpg,2025-10-01,7.162,104,,Jafar Panahi,An unassuming mechanic is reminded of his time in an Iranian prison when he encounters a man he suspects to be his sadistic jailhouse captor.,fr,Vahid Mobasseri as Vahid | Mariam Afshari as Shiva | Ebrahim Azizi as Eghbal | Hadis Pakbaten as Golrokh | Majid Panahi as Ali | Mohamad Ali Elyasmehr as Hamid | George Hashemzadeh as Salar | Delmaz Najafi as Eghbal's Daughter | Afsaneh Najm Abadi as Eghbal's Wife | Omid Reza as Vahid's Colleague,1456349
The Wages of Fear,https://cinejoy.to/movie/204-the-wages-of-fear-1953,https://image.tmdb.org/t/p/w500/sNOvIp4X0fmCMfgEs2ww5IyMgFm.jpg,1953-04-22,8.005,154,,Henri-Georges Clouzot,"In a run-down South American town, four men are paid to drive trucks loaded with nitroglycerin into the jungle through to the oil field. Friendships are tested and rivalries develop as they embark upon the perilous journey.",fr,Yves Montand as Mario Livi | Charles Vanel as Mr. Jo | Peter van Eyck as Bimba | Folco Lulli as Luigi | Véra Clouzot as Linda | Antonio Centa as Camp Chief | Jo Dest as Hans Smerloff | Darío Moreno as Pepito Hernandez | William Tubbs as Bill O'Brien | Darling Légitimus as Rosa,204
The Cranes Are Flying,https://cinejoy.to/movie/38360-the-cranes-are-flying-1957,https://image.tmdb.org/t/p/w500/foXYOdXEJ0rvtTDo4LLnsUnvPLB.jpg,1957-10-12,7.9,97,,Mikhail Kalatozov,"Veronika and Boris come together in Moscow shortly before World War II. Walking along the river, they watch cranes fly overhead, and promise to rendezvous before Boris leaves to fight. Boris misses the meeting and is off to the front lines, while Veronika waits patiently, sending letters faithfully. After her house is bombed, Veronika moves in with Boris' family, into the company of a cousin with his own intentions.",ru,Tatyana Samoylova as Veronika | Aleksey Batalov as Boris | Vasili Merkuryev as Fyodor Ivanovich | Aleksandr Shvorin as Mark | Svetlana Kharitonova as Irina | Konstantin Kadochnikov as Volodya | Valentin Zubkov as Stepan | Antonina Bogdanova as Grandmother | Boris Kokovkin as Chernov | Ekaterina Kupriyanova as Anna Mikhaylovna,38360
Viridiana,https://cinejoy.to/movie/4497-viridiana-1962,https://image.tmdb.org/t/p/w500/mYPuSx5JwL8AdTwS1iQW4Un1cYP.jpg,1962-04-01,7.659,90,,Luis Buñuel,"Viridiana is preparing to start her life as a nun when she is sent, somewhat unwillingly, to visit her aging uncle, Don Jaime. He supports her; but the two have met only once. Jaime thinks Viridiana resembles his dead wife. Viridiana has secretly despised this man all her life and finds her worst fears proven when Jaime grows determined to seduce his pure niece. Viridiana becomes undone as her uncle upends the plans she had made to join the convent.",es,Silvia Pinal as Viridiana | Francisco Rabal as Jorge | Fernando Rey as Don Jaime | José Calvo as Don Amalio | Margarita Lozano as Ramona | Victoria Zinny as Lucía | Teresa Rabal as Rita | Luis Heredia as El Poca | Joaquín Roa as Don Zequiel | José Manuel Martín as El Cojo,4497
La Dolce Vita,https://cinejoy.to/movie/439-la-dolce-vita-1960,https://image.tmdb.org/t/p/w500/dZ2v0DAX4aCZartCzZdg4ZinSW2.jpg,1960-02-05,8.023,174,,Federico Fellini,"Episodic journey of journalist Marcello who struggles to find his place in the world, torn between the allure of Rome's elite social scene and the stifling domesticity offered by his girlfriend, all the while searching for a way to become a serious writer.",it,Marcello Mastroianni as Marcello Rubini | Anita Ekberg as Sylvia | Anouk Aimée as Maddalena | Yvonne Furneaux as Emma | Magali Noël as Fanny | Alain Cuny as Steiner | Annibale Ninchi as Marcello's father | Walter Santesso as Paparazzo | Valeria Ciangottini as Paola | Riccardo Garrone as Riccardo,439
Kagemusha,https://cinejoy.to/movie/11953-kagemusha-1980,https://image.tmdb.org/t/p/w500/fJgqj9s8HNZz9zwX6femVJn8HEB.jpg,1980-04-26,7.814,180,,Akira Kurosawa,"Akira Kurosawa's lauded feudal epic presents the tale of a petty thief who is recruited to impersonate Shingen, an aging warlord, in order to avoid attacks by competing clans. When Shingen dies, his generals reluctantly agree to have the impostor take over as the powerful ruler. He soon begins to appreciate life as Shingen, but his commitment to the role is tested when he must lead his troops into battle against the forces of a rival warlord.",ja,Tatsuya Nakadai as Shingen Takeda / Kagemusha | Tsutomu Yamazaki as Nobukado Takeda | Kenichi Hagiwara as Katsuyori Takeda | Jinpachi Nezu as Sohachiro Tsuchiya | Hideji Ōtaki as Masakage Yamagata | Daisuke Ryū as Nobunaga Oda | Masayuki Yui as Ieyasu Tokugawa | Kaori Momoi as Otsuyanokata | Mitsuko Baisho as Oyunokata | Hideo Murota as Nobufusa Baba,11953
Amour,https://cinejoy.to/movie/86837-amour-2012,https://image.tmdb.org/t/p/w500/19hyCudualHxCD0GrEngqsi0wBF.jpg,2012-09-20,7.8,127,,Michael Haneke,"Georges and Anne are in their eighties. They are cultivated, retired music teachers. Their daughter, who is also a musician, lives abroad with her family. One day, Anne has a stroke, and the couple's bond of love is severely tested.",fr,Jean-Louis Trintignant as Georges | Emmanuelle Riva as Anne | Isabelle Huppert as Eva | Alexandre Tharaud as Alexandre | William Shimell as Geoff | Ramon Agirre as Concierge's Husband | Rita Blanco as Concierge | Carole Franck as Nurse #1 | Dinara Drukarova as Nurse #2 | Laurent Capelluto as Police Officer #1,86837
The Conversation,https://cinejoy.to/movie/592-the-conversation-1974,https://image.tmdb.org/t/p/w500/dHqVBwcv1SGymOpUueRoKzcmdes.jpg,1974-04-12,7.499,115,,Francis Ford Coppola,"A paranoid, secretive surveillance expert has a crisis of conscience when he suspects that the couple he is spying on will be murdered.",en,Gene Hackman as Harry Caul | John Cazale as Stan | Allen Garfield as William P. 'Bernie' Moran | Frederic Forrest as Mark | Cindy Williams as Ann | Michael Higgins as Paul | Elizabeth MacRae as Meredith | Teri Garr as Amy Fredericks | Harrison Ford as Martin Stett | Mark Wheeler as Receptionist,592
The Ballad of Narayama,https://cinejoy.to/movie/42113-the-ballad-of-narayama-1983,https://image.tmdb.org/t/p/w500/h3iNimtw6HsFTtAvEDF3XYZ4Y5T.jpg,1983-04-29,7.495,130,,Shōhei Imamura,In a small village in a valley everyone who reaches the age of 70 must leave the village and go to a certain mountain top to die. If anyone should refuse they would disgrace their family. Old Orin is 69. This winter it is her turn to go to the mountain. But first she must make sure that her eldest son Tatsuhei finds a wife.,ja,Ken Ogata as Tatsuhei | Sumiko Sakamoto as Orin | Tonpei Hidari as Risuke | Aki Takejo as Tamayan | Shoichi Ozawa as Katsuzô | Fujio Tokita as Jinsaku | Sanshō Shinsui as Zeniya Tadayan | Seiji Kurasaki as Kesakichi | Junko Takada as Matsuyan | Mitsuko Baisho as Oei,42113
Eternity and a Day,https://cinejoy.to/movie/24858-eternity-and-a-day-1998,https://image.tmdb.org/t/p/w500/wH8sfLJCqNjsIw8zkXpvxdSzj60.jpg,1998-10-23,7.8,133,,Theo Angelopoulos,"Famous writer Alexander contracts a terminal illness. He receives a letter from his wife describing a summer day 30 years ago, and leaves his seaside home to remember his past. This journey will allow him to wander between the past and the present, and encounter unexpected people, allowing him to collect unforgettable memories in the final moments of his life.",el,Bruno Ganz as Alexandros | Fabrizio Bentivoglio as The Poet | Isabelle Renauld as Anna | Achileas Skevis as The Child | Alexandra Ladikou as Anna's Mother | Despina Bebedelli as Alexandros' Mother | Eleni Gerasimidou as Ourania | Iris Chatziantoniou as Alexandros' Daughter | Nikos Kouros as Anna's Uncle | Alekos Oudinotis as Anna's Father,24858
Winter Sleep,https://cinejoy.to/movie/265169-winter-sleep-2014,https://image.tmdb.org/t/p/w500/95j83qOqH3Ivz4RYkaSjGT0VSNr.jpg,2014-06-13,7.523,196,,Nuri Bilge Ceylan,"Aydın is a hotel owner and a retired actor in rural Turkey. As winter emerges he begins navigating the conflicts within the relationships with his wife, sister and existence.",tr,Haluk Bilginer as Aydın | Melisa Sözen as Nihal | Demet Akbağ as Necla | Ayberk Pekcan as Hidayet | Serhat Kılıç as İmam Hamdi | Tamer Levent as Suavi | Nejat İşler as İsmail | Nadir Sarıbacak as Levent | Mehmet Ali Nuroğlu as Müşteri | Gamze Kuş as Misafir 7,265169
Anatomy of a Fall,https://cinejoy.to/movie/915935-anatomy-of-a-fall-2023,https://image.tmdb.org/t/p/w500/kQs6keheMwCxJxrzV83VUwFtHkB.jpg,2023-08-23,7.5,151,,Justine Triet,"A woman is suspected of her husband's murder, and their blind son faces a moral dilemma as the sole witness.",fr,Sandra Hüller as Sandra Voyter | Swann Arlaud as Maître Vincent Renzi | Milo Machado-Graner as Daniel | Antoine Reinartz as Advocate General | Samuel Theis as Samuel Maleski | Jehnny Beth as Marge Berger | Saadia Bentaïeb as Maître Nour Boudaoud | Camille Rutherford as Zoé Solidor | Anne Rotger as President of the Court | Sophie Fillières as Monica,915935
Michael Jackson's Thriller,https://cinejoy.to/movie/92060-michael-jackson-s-thriller-1983,https://image.tmdb.org/t/p/w500/djv4LM6uanJriwpsOyJzaaSp4gf.jpg,1983-11-21,8.249,14,,John Landis,"A night at the movies turns terrifying when Michael and his date are attacked by zombies. Released at the height of Thriller’s success, the short film redefined the music video, broke racial barriers, and became the first inducted into the U.S. National Film Registry.",en,Michael Jackson as Michael Jackson | Ola Ray as Michael's Girlfriend | Vincent Price as Narrator (voice) | Cynthia Garris as Zombie (uncredited) | Mick Garris as Zombie (uncredited) | Hanala Sagal as Dancer (uncredited) | Forrest J. Ackerman as Man in Movie Theater (uncredited) | Reed Armstrong as Zombie (uncredited) | Rick Baker as Zombie Opening the Crypt (uncredited) | Miko C. Brando as Zombie (uncredited),92060
Halloween,https://cinejoy.to/movie/948-halloween-1978,https://image.tmdb.org/t/p/w500/wijlZ3HaYMvlDTPqJoTCWKFkCPU.jpg,1978-10-24,7.558,91,,John Carpenter,"Fifteen years after murdering his sister on Halloween Night 1963, Michael Myers escapes from a mental hospital and returns to the small town of Haddonfield, Illinois to kill again.",en,Donald Pleasence as Loomis | Jamie Lee Curtis as Laurie | Nancy Kyes as Annie | P. J. Soles as Lynda | Charles Cyphers as Brackett | Kyle Richards as Lindsey | Brian Andrews as Tommy | John Michael Graham as Bob | Nancy Stephens as Marion | Arthur Malet as Graveyard Keeper,948
E.T. the Extra-Terrestrial,https://cinejoy.to/movie/601-e-t-the-extra-terrestrial-1982,https://image.tmdb.org/t/p/w500/an0nD6uq6byfxXCfk6lQBzdL2J1.jpg,1982-06-11,7.518,115,,Steven Spielberg,"An alien is left behind on Earth and saved by the 10-year-old Elliott who decides to keep him hidden in his home. While a task force hunts for the extra-terrestrial, Elliott, his brother, and his little sister Gertie form an emotional bond with their new friend, and try to help him find his way home.",en,Henry Thomas as Elliott | Drew Barrymore as Gertie | Robert MacNaughton as Michael | Peter Coyote as Keys | Dee Wallace as Mary | Erika Eleniak as Pretty Girl | K.C. Martel as Greg | C. Thomas Howell as Tyler | Sean Frye as Steve | David M. O'Dell as Schoolboy,601
The Nightmare Before Christmas,https://cinejoy.to/movie/9479-the-nightmare-before-christmas-1993,https://image.tmdb.org/t/p/w500/oQffRNjK8e19rF7xVYEN8ew0j7b.jpg,1993-10-09,7.841,76,,Henry Selick,"Tired of scaring humans every October 31 with the same old bag of tricks, Jack Skellington, the spindly king of Halloween Town, kidnaps Santa Claus and plans to deliver shrunken heads and other ghoulish gifts to children on Christmas morning. But as Christmas approaches, Jack's rag-doll girlfriend, Sally, tries to foil his misguided plans.",en,Danny Elfman as Jack Skellington (singing) / Barrel / Clown with the Tear away Face (voice) | Chris Sarandon as Jack Skellington (voice) | Catherine O'Hara as Sally / Shock (voice) | William Hickey as Dr. Finkelstein (voice) | Glenn Shadix as Mayor (voice) | Paul Reubens as Lock (voice) | Ken Page as Oogie Boogie (voice) | Edward Ivory as Santa Claus (voice) | Susan McBride as Big Witch / WWD. (voice) | Debi Durst as Corpse Kid / Corpse Mom / Small Witch (voice),9479
Night of the Living Dead,https://cinejoy.to/movie/10331-night-of-the-living-dead-1968,https://image.tmdb.org/t/p/w500/rb2NWyb008u1EcKCOyXs2Nmj0ra.jpg,1968-10-04,7.602,96,,George A. Romero,A ragtag group barricade themselves in an old Pennsylvania farmhouse to remain safe from a horde of flesh-eating ghouls ravaging the Northeast.,en,Judith O'Dea as Barbra | Duane Jones as Ben | Marilyn Eastman as Helen Cooper | Karl Hardman as Harry Cooper | Judith Ridley as Judy | Keith Wayne as Tom | Kyra Schon as Karen Cooper / Corpse in House | Charles Craig as TV Newscaster / Zombie | S. William Hinzman as Zombie | Bill Cardille as Field Reporter,10331
Harry Potter and the Prisoner of Azkaban,https://cinejoy.to/movie/673-harry-potter-and-the-prisoner-of-azkaban-2004,https://image.tmdb.org/t/p/w500/aWxwnYoe8p2d2fcxOqtvAtJ72Rw.jpg,2004-05-31,8.012,141,,Alfonso Cuarón,Harry Potter's life is in danger once more as dangerous wizard Sirius Black has escaped from Azkaban Prison and is heading to Hogwarts.,en,Daniel Radcliffe as Harry Potter | Rupert Grint as Ron Weasley | Emma Watson as Hermione Granger | Robbie Coltrane as Rubeus Hagrid | Michael Gambon as Albus Dumbledore | Gary Oldman as Sirius Black | David Thewlis as Remus Lupin | Timothy Spall as Peter Pettigrew | Alan Rickman as Severus Snape | Tom Felton as Draco Malfoy,673
"It's the Great Pumpkin, Charlie Brown",https://cinejoy.to/movie/13353-it-s-the-great-pumpkin-charlie-brown-1966,https://image.tmdb.org/t/p/w500/59wp9OWexYsxlSPHYmVLsl5xlFt.jpg,1966-10-27,7.5,25,,Bill Melendez,"Join the Peanuts gang for a timeless adventure as Charlie Brown preps for a party, Snoopy sets his sights on the Red Baron, and Linus patiently awaits a pumpkin patch miracle.",en,Peter Robbins as Charlie Brown (voice) | Christopher Shea as Linus Van Pelt (voice) | Sally Dryer as Lucy Van Pelt (voice) | Bill Melendez as Snoopy (voice) | Cathy Steinberg as Sally Brown (voice) | Gail DeFaria as Pigpen (voice) | Glenn Mendelson as Schroeder / Shermy (voice) | Ann Altieri as Frieda / Violet (voice) | Lisa DeFaria as Patty (voice),13353
The Exorcist,https://cinejoy.to/movie/9552-the-exorcist-1973,https://image.tmdb.org/t/p/w500/5x0CeVHJI8tcDx8tUUwYHQSNILq.jpg,1973-12-26,7.747,122,,William Friedkin,"When a mysterious entity possesses a young girl, her mother seeks the help of two Catholic priests to save her life.",en,Ellen Burstyn as Chris MacNeil | Linda Blair as Regan MacNeil | Jason Miller as Father Damien Karras | Max von Sydow as Father Lankester Merrin | Lee J. Cobb as Lt. Bill Kinderman | William O'Malley as Father Joseph Kevin Dyer | Kitty Winn as Sharon Spencer | Barton Heyman as Dr. Klein | Peter Masterson as Dr. Barringer | Jack MacGowran as Burke Dennings,9552
Frankenstein,https://cinejoy.to/movie/3035-frankenstein-1931,https://image.tmdb.org/t/p/w500/mu6wHwH0IwCCaEYtpqujuPJYat1.jpg,1931-11-21,7.468,70,,James Whale,Henry Frankenstein pieces together body parts in the hope of bringing a human-like creature to life. The mad scientist’s dreams are shattered by his monstrous creation awakening with rage to a world that hates and fears him.,en,Colin Clive as Henry Frankenstein | Mae Clarke as Elizabeth | John Boles as Victor Moritz | Boris Karloff as The Monster | Edward Van Sloan as Doctor Waldman | Frederick Kerr as Baron Frankenstein | Dwight Frye as Fritz | Lionel Belmore as The Burgomaster | Marilyn Harris as Little Maria | Ted Billings as Villager (uncredited),3035
Kiki's Delivery Service,https://cinejoy.to/movie/16859-kiki-s-delivery-service-1989,https://image.tmdb.org/t/p/w500/Aufa4YdZIv4AXpR9rznwVA5SEfd.jpg,1989-07-29,7.84,103,,Hayao Miyazaki,"A young witch, on her mandatory year of independent life, finds fitting into a new community difficult while she supports herself by running an air courier service.",ja,Minami Takayama as Kiki / Ursula (voice) | Rei Sakuma as Jiji (voice) | Kappei Yamaguchi as Tombo (voice) | Keiko Toda as Osono (voice) | Mieko Nobusawa as Kokiri (voice) | Koichi Miura as Okino (voice) | Haruko Katō as Old Lady (voice) | Hiroko Seki as Bertha (voice) | Yuriko Fuchizaki as Ketto (voice) | Koichi Yamadera as Bakery Worker / Policeman (voice),16859
The Batman,https://cinejoy.to/movie/414906-the-batman-2022,https://image.tmdb.org/t/p/w500/74xTEgt7R36Fpooo50r9T25onhq.jpg,2022-03-01,7.67,177,,Matt Reeves,"In his second year of fighting crime, Batman uncovers corruption in Gotham City that connects to his own family while facing a serial killer known as the Riddler.",en,Robert Pattinson as Bruce Wayne / The Batman | Zoë Kravitz as Selina Kyle | Jeffrey Wright as Lt. James Gordon | Colin Farrell as Oz / The Penguin | Paul Dano as The Riddler | John Turturro as Carmine Falcone | Andy Serkis as Alfred | Peter Sarsgaard as District Attorney Gil Colson | Barry Keoghan as Unseen Arkham Prisoner | Jayme Lawson as Bella Reál,414906
Wallace & Gromit: The Curse of the Were-Rabbit,https://cinejoy.to/movie/533-wallace-gromit-the-curse-of-the-were-rabbit-2005,https://image.tmdb.org/t/p/w500/cMQ2lNd7sBe6PCf6zF5QxrKzbRG.jpg,2005-09-15,7.136,85,,Steve Box,"Cheese-loving eccentric Wallace and his cunning canine pal Gromit run a business ridding the town of garden pests. Using only humane methods, which turns their home into a halfway house for evicted vermin, the pair stumble upon a mystery involving a voracious vegetarian monster that threatens to ruin the annual veggie-growing contest.",en,Peter Sallis as Wallace / Hutch (voice) | Ralph Fiennes as Victor Quartermaine (voice) | Helena Bonham Carter as Lady Campanula Tottington (voice) | Peter Kay as PC Mackintosh (voice) | Nicholas Smith as Reverend Clement Hedges (voice) | Liz Smith as Mrs. Mulch (voice) | John Thomson as Mr. Windfall (voice) | Mark Gatiss as Miss Blight (voice) | Vincent Ebrahim as Mr. Caliche (voice) | Geraldine McEwan as Miss Thripp (voice),533
The Crow,https://cinejoy.to/movie/9495-the-crow-1994,https://image.tmdb.org/t/p/w500/rMMB3v6jYHjsvXRNJYESacoTD7j.jpg,1994-05-11,7.528,102,,Alex Proyas,"Exactly one year after young rock guitarist Eric Draven and his fiancée are brutally killed by a ruthless gang of criminals, Draven, watched over by a hypnotic crow, returns from the grave to exact revenge.",en,Brandon Lee as Eric | Rochelle Davis as Sarah | Ernie Hudson as Albrecht | Michael Wincott as Top Dollar | Bai Ling as Myca | Sofia Shinas as Shelly | Anna Thomson as Darla | David Patrick Kelly as T-Bird | Angel David as Skank | Laurence Mason as Tin Tin,9495
Coraline,https://cinejoy.to/movie/14836-coraline-2009,https://image.tmdb.org/t/p/w500/4jeFXQYytChdZYE9JYO7Un87IlW.jpg,2009-02-05,7.94,100,,Henry Selick,"Wandering her rambling old house in her boring new town, 11-year-old Coraline discovers a hidden door to a strangely idealized version of her life. In order to stay in the fantasy, she must make a frighteningly real sacrifice.",en,Dakota Fanning as Coraline Jones (voice) | Teri Hatcher as Mel Jones / Other Mother (voice) | Jennifer Saunders as Miss April Spink / Other Spink (voice) | Dawn French as Miss Miriam Forcible / Other Forcible (voice) | Keith David as The Cat (voice) | John Hodgman as Charlie Jones / Other Father (voice) | Robert Bailey Jr. as Wyborne 'Wybie' Lovat (voice) | Ian McShane as Mr. Sergei Alexander Bobinsky / Other Bobinsky (voice) | Aankha Neal as Sweet Ghost Girl (voice) | George Selick as Ghost Boy (voice),14836
Ghostbusters,https://cinejoy.to/movie/620-ghostbusters-1984,https://image.tmdb.org/t/p/w500/7E8nLijS9AwwUEPu2oFYOVKhdFA.jpg,1984-06-08,7.497,105,,Ivan Reitman,"After losing their university jobs, three parapsychologists start a ghost-catching business in New York City and uncover a supernatural threat that could destroy the world.",en,Bill Murray as Dr. Peter Venkman | Dan Aykroyd as Dr. Raymond Stantz | Harold Ramis as Dr. Egon Spengler | Sigourney Weaver as Dana Barrett | Rick Moranis as Louis Tully | Ernie Hudson as Winston Zeddemore | Annie Potts as Janine Melnitz | William Atherton as Walter Peck | David Margulies as Mayor | Slavitza Jovan as Gozer,620
Dracula,https://cinejoy.to/movie/138-dracula-1931,https://image.tmdb.org/t/p/w500/ueVSPt7vAba0XScHWTDWS5tNxYX.jpg,1931-02-12,7.2,74,,Tod Browning,"A British estate agent travels to Transylvania to meet with the mysterious Count Dracula, who is interested in leasing a London castle. After Dracula enslaves and drives the agent to insanity, the pair return to London together, where Dracula, a secret bloodsucker, begins preying on socialites.",en,Bela Lugosi as Count Dracula | Helen Chandler as Mina | David Manners as John Harker | Dwight Frye as Renfield | Edward Van Sloan as Van Helsing | Herbert Bunston as Doctor Seward | Frances Dade as Lucy | Joan Standing as Maid | Charles K. Gerrard as Martin | Anna Bakacs as Innkeeper's Daughter  (uncredited),138
Evil Dead II,https://cinejoy.to/movie/765-evil-dead-ii-1987,https://image.tmdb.org/t/p/w500/4zqCKJVHUolGs6C5AZwAZqLWixW.jpg,1987-03-13,7.532,84,,Sam Raimi,"Ash Williams and his girlfriend Linda find a log cabin in the woods with a voice recording from an archeologist who had recorded himself reciting ancient chants from ""The Book of the Dead."" As they play the recording an evil power is unleashed taking over Linda's body.",en,Bruce Campbell as Ash | Sarah Berry as Annie | Dan Hicks as Jake | Kassie DePaiva as Bobby Joe | Ted Raimi as Possessed Henrietta | Denise Bixler as Linda | Richard Domeier as Ed | John Peakes as Professor Knowby | Lou Hancock as Henrietta | Snowy Winters as Dancer,765
Corpse Bride,https://cinejoy.to/movie/3933-corpse-bride-2005,https://image.tmdb.org/t/p/w500/3RAoVTxUk1OzZClscAsynuu670p.jpg,2005-09-12,7.59,77,,Tim Burton,"In a 19th-century European village, a young man about to be married is whisked away to the underworld and wed to a mysterious corpse bride, while his real bride waits bereft in the land of the living.",en,Johnny Depp as Victor Van Dort (voice) | Helena Bonham Carter as Corpse Bride (voice) | Emily Watson as Victoria Everglot (voice) | Tracey Ullman as Nell Van Dort / Hildegarde (voice) | Paul Whitehouse as William Van Dort / Mayhew / Paul the Head Waiter (voice) | Joanna Lumley as Maudeline Everglot (voice) | Albert Finney as Finis Everglot (voice) | Richard E. Grant as Barkis Bittern (voice) | Christopher Lee as Pastor Galswells (voice) | Michael Gough as Elder Gutknecht (voice),3933
Donnie Darko,https://cinejoy.to/movie/141-donnie-darko-2001,https://image.tmdb.org/t/p/w500/j2AtZFsflxiluaNtajMTI0Avm8C.jpg,2001-01-19,7.761,114,,Richard Kelly,"After narrowly escaping a bizarre accident, a troubled teenager is plagued by visions of a large bunny rabbit that manipulates him to commit a series of crimes.",en,Jake Gyllenhaal as Donnie Darko | Jena Malone as Gretchen Ross | James Duval as Frank | Drew Barrymore as Karen Pomeroy | Beth Grant as Kitty Farmer | Maggie Gyllenhaal as Elizabeth Darko | Mary McDonnell as Rose Darko | Holmes Osborne as Eddie Darko | Noah Wyle as Prof. Kenneth Monnitoff | Katharine Ross as Dr. Lilian Thurman,141
Poltergeist,https://cinejoy.to/movie/609-poltergeist-1982,https://image.tmdb.org/t/p/w500/4eMN3GANH5GG4kXdHkrTZEUuQ9M.jpg,1982-06-04,7.164,114,,Tobe Hooper,"The Freelings' suburban home becomes the center of paranormal activity that opens a portal to the 'other side'. With help, they must cross over to get their daughter back.",en,JoBeth Williams as Diane Freeling | Craig T. Nelson as Steve Freeling | Beatrice Straight as Dr. Lesh | Dominique Dunne as Dana Freeling | Heather O'Rourke as Carol Anne Freeling | Oliver Robins as Robbie Freeling | Zelda Rubinstein as Tangina Barrons | Richard Lawson as Ryan | Martin Casella as Dr. Marty Casey | Michael McManus as Ben Tuthill,609
Re-Animator,https://cinejoy.to/movie/1694-re-animator-1985,https://image.tmdb.org/t/p/w500/7FYhY70LTumoFfQgTI8TK0UDdsF.jpg,1985-10-18,7.05,86,,Stuart Gordon,"Conducting clandestine experiments within the morgue at Miskatonic University, scientist Herbert West reveals to a fellow graduate student his groundbreaking work concerning the re-animation of fresh corpses.",en,Jeffrey Combs as Herbert West | Bruce Abbott as Dan Cain | Barbara Crampton as Megan Halsey | David Gale as Dr. Carl Hill | Robert Sampson as Dean Alan Halsey | Carolyn Purdy-Gordon as Dr. Harrod | Peter Kent as Melvin the Re-Animated | Ian Patrick Williams as Swiss Professor | Bunny Summers as Swiss Woman Doctor | Al Berry as Dr. Gruber,1694
Trick 'r Treat,https://cinejoy.to/movie/23202-trick-r-treat-2007,https://image.tmdb.org/t/p/w500/w0nmol4g7n6MFfhfphV7GzHHYjB.jpg,2007-12-09,6.989,82,,Michael Dougherty,"Four interwoven stories that occur on Halloween: an everyday high school principal has a secret life as a serial killer; a college virgin might have just met the one guy for her; a group of teenagers pull a mean prank, and a bitter old recluse receives an uninvited guest.",en,Brian Cox as Mr. Kreeg | Quinn Lord as Sam / Peeping Tommy | Anna Paquin as Laurie | Dylan Baker as Steven | Leslie Bibb as Emma | Tahmoh Penikett as Henry | Rochelle Aytes as Maria | Britt McKillip as Macy | Moneca Delain as Janet | Lauren Lee Smith as Danielle,23202
The Rocky Horror Picture Show,https://cinejoy.to/movie/36685-the-rocky-horror-picture-show-1975,https://image.tmdb.org/t/p/w500/3pyE6ZqDbuJi7zrNzzQzcKTWdmN.jpg,1975-08-14,7.443,100,,Jim Sharman,"After getting a flat tire in the middle of nowhere, newly engaged couple Brad and Janet encounter the eerie mansion of the flamboyant, seductive Dr Frank-N-Furter and a variety of eccentric characters. Through elaborate dance and rock music, the mad scientist unveils his latest creation: a perfect, muscular man.",en,Tim Curry as Dr. Frank-N-Furter | Susan Sarandon as Janet Weiss | Barry Bostwick as Brad Majors | Richard O'Brien as Riff Raff | Patricia Quinn as Magenta | Nell Campbell as Columbia | Jonathan Adams as Dr. Everett V. Scott | Peter Hinwood as Rocky Horror | Meat Loaf as Eddie | Charles Gray as The Criminologist,36685
It,https://cinejoy.to/movie/346364-it-2017,https://image.tmdb.org/t/p/w500/9E2y5Q7WlCVNEhP5GiVTjhEhx1o.jpg,2017-09-06,7.241,135,,Andy Muschietti,"In a small town in Maine, seven children known as The Losers Club come face to face with life problems, bullies and a monster that takes the shape of a clown called Pennywise.",en,Jaeden Martell as Bill Denbrough | Jeremy Ray Taylor as Ben Hanscom | Sophia Lillis as Beverly Marsh | Finn Wolfhard as Richie Tozier | Chosen Jacobs as Mike Hanlon | Jack Dylan Grazer as Eddie Kaspbrak | Wyatt Oleff as Stanley Uris | Bill Skarsgård as Pennywise | Nicholas Hamilton as Henry Bowers | Jake Sim as Belch Huggins,346364
Toy Story,https://cinejoy.to/movie/862-toy-story-1995,https://image.tmdb.org/t/p/w500/uXDfjJbdP4ijW5hWSBrPrlKpxab.jpg,1995-11-22,7.989,81,,John Lasseter,"Led by Woody, Andy's toys live happily in his room until Andy's birthday brings Buzz Lightyear onto the scene. Afraid of losing his place in Andy's heart, Woody plots against Buzz. But when circumstances separate Buzz and Woody from their owner, the duo eventually learns to put aside their differences.",en,Tom Hanks as Woody (voice) | Tim Allen as Buzz Lightyear (voice) | Don Rickles as Mr. Potato Head (voice) | Jim Varney as Slinky Dog (voice) | Wallace Shawn as Rex (voice) | John Ratzenberger as Hamm (voice) | Annie Potts as Bo Peep (voice) | John Morris as Andy (voice) | Erik von Detten as Sid (voice) | Laurie Metcalf as Mrs. Davis (voice),862
Toy Story 2,https://cinejoy.to/movie/863-toy-story-2-1999,https://image.tmdb.org/t/p/w500/4rbcp3ng8n1MKHjpeqW0L7Fnpzz.jpg,1999-10-30,7.622,92,,John Lasseter,"Andy heads off to Cowboy Camp, leaving his toys to their own devices. Things shift into high gear when an obsessive toy collector named Al McWhiggen, owner of Al's Toy Barn kidnaps Woody. Andy's toys mount a daring rescue mission, Buzz Lightyear meets his match and Woody has to decide where he and his heart truly belong.",en,Tom Hanks as Woody (voice) | Tim Allen as Buzz Lightyear (voice) | Joan Cusack as Jessie (voice) | Kelsey Grammer as Prospector (voice) | Don Rickles as Mr. Potato Head (voice) | Jim Varney as Slinky Dog (voice) | Wallace Shawn as Rex (voice) | John Ratzenberger as Hamm (voice) | Annie Potts as Bo Peep (voice) | Wayne Knight as Al McWhiggin (voice),863
Gloria,https://cinejoy.to/movie/160068-gloria-2013,https://image.tmdb.org/t/p/w500/t1copJu3ecVx7zVCBA1o6z02WcZ.jpg,2013-05-08,6.6,105,,Sebastián Lelio,"Gloria is a 58-year-old divorcée. Her children have all left home but she has no desire to spend her days and nights alone. Determined to defy old age and loneliness, she rushes headlong into a whirl of singles’ parties on the hunt for instant gratification – which only leads to repeated disappointment and enduring emptiness. But when Gloria meets Rodolfo, an ex-naval officer seven years her senior, she begins to imagine the possibility of a permanent relationship.",es,Paulina García as Gloria | Sergio Hernández as Rodolfo | Coca Guazzini as Luz | Antonia Santa María as Maria | Diego Fontecilla as Pedro | Fabiola Zamora as Ana | Hugo Moraga as Hugo | Alejandro Goic as Gabriel | Liliana García as Flavia | Luz Jiménez as Victória,160068
Leave No Trace,https://cinejoy.to/movie/443463-leave-no-trace-2018,https://image.tmdb.org/t/p/w500/sygnLx3sZV5P8M2dyaGRegHdEL1.jpg,2018-06-29,6.8,109,,Debra Granik,"A father and daughter live a perfect but mysterious existence in Forest Park, a beautiful nature reserve near Portland, Oregon, rarely making contact with the world. But when a small mistake tips them off to authorities, they are sent on an increasingly erratic journey in search of a place to call their own.",en,Thomasin McKenzie as Tom | Ben Foster as Will | Jeff Kober as Mr. Walters | Dale Dickey as Dale | Dana Millican as Jean | Alyssa McKay as Valerie | David Pittman as Blane | Bob Werfelman as Bob | Isaiah Stone as Isaiah | Michael J. Prosser as James,443463
The Philadelphia Story,https://cinejoy.to/movie/981-the-philadelphia-story-1940,https://image.tmdb.org/t/p/w500/dKUubjvxO78XDts6VP1Ggcp4R9O.jpg,1940-12-05,7.537,113,,George Cukor,"When a rich woman's ex-husband and a tabloid-type reporter turn up just before her planned remarriage, she begins to learn the truth about herself.",en,Cary Grant as C.K. Dexter Haven | Katharine Hepburn as Tracy Lord | James Stewart as Macaulay 'Mike' Connor | Ruth Hussey as Elizabeth 'Liz' Imbrie | John Howard as George Kittredge | Roland Young as Uncle Willie | John Halliday as Seth Lord | Mary Nash as Margaret Lord | Virginia Weidler as Dinah Lord | Henry Daniell as Sidney Kidd,981
His House,https://cinejoy.to/movie/575774-his-house-2020,https://image.tmdb.org/t/p/w500/s6XxJEe4ovVTMgmGmKeO87OFANU.jpg,2020-01-27,6.41,93,,Remi Weekes,"After making a harrowing escape from war-torn South Sudan, a young refugee couple struggle to adjust to their new life in a small English town that has an unspeakable evil lurking beneath the surface.",en,Ṣọpẹ́ Dìrísù as Bol Majur | Wunmi Mosaku as Rial Majur | Malaika Wakoli-Abigaba as Nyagak | Matt Smith as Mark Essworth | Javier Botet as The Witch | Yvonne Campbell as South Sudanese Woman | Vivienne Soan as Neighbour | Lola May as Nyagak's Mother | Kevin Layne as The Cameroonian | Maureen Casey as Detention Custody Officer,575774
All We Imagine as Light,https://cinejoy.to/movie/927547-all-we-imagine-as-light-2024,https://image.tmdb.org/t/p/w500/ruImrzB4POsrgwCMozmOBV67zs5.jpg,2024-09-21,6.832,118,,Payal Kapadia,"In Mumbai, Nurse Prabha's routine is troubled when she receives an unexpected gift from her estranged husband. Her younger roommate, Anu, tries in vain to find a spot in the city to be intimate with her boyfriend. A trip to a beach town allows them to find a space for their desires to manifest.",ml,Kani Kusruti as Prabha | Divya Prabha as Anu | Chhaya Kadam as Parvaty | Hridhu Haroon as Shiaz | Azees Nedumangad as Dr. Manoj | Tintumol Joseph as Nurse Shanet | Anand Sami as Drowning Man | Lovleen Mishra as Dr. Supriya | Madhu Raja as Kaki | Shweta Prajapati as Young Woman,927547
Wallace & Gromit: Vengeance Most Fowl,https://cinejoy.to/movie/929204-wallace-gromit-vengeance-most-fowl-2024,https://image.tmdb.org/t/p/w500/jUWFSBxTOiCinPdTOh3IDUXVemZ.jpg,2024-12-18,7.5,79,,Nick Park,"Gromit’s concern that Wallace is becoming too dependent on his inventions proves justified, when Wallace invents a “smart” gnome that seems to develop a mind of its own. When it emerges that a vengeful figure from the past might be masterminding things, it falls to Gromit to battle sinister forces and save his master… or Wallace may never be able to invent again!",en,Ben Whitehead as Wallace (voice) | Peter Kay as Chief Inspector Mackintosh (voice) | Lauren Patel as P.C. Mukherjee (voice) | Reece Shearsmith as Norbot (voice) | Diane Morgan as Onya Doorstep (voice) | Adjoa Andoh as Judge (voice) | Muzz Khan as Anton Deck (voice) | Lenny Henry as Mr. Convenience (voice) | Victoria Elliott as Additional Voices (voice) | Jon Glover as Additional Voices (voice),929204
On Becoming a Guinea Fowl,https://cinejoy.to/movie/1082938-on-becoming-a-guinea-fowl-2024,https://image.tmdb.org/t/p/w500/6lMOpD8XVLKaB5uCsJXt1Fo7XNh.jpg,2024-12-06,7.587,99,,Rungano Nyoni,"On an empty road in the middle of the night, Shula stumbles across the body of her uncle. As funeral proceedings begin around them, she and her cousins bring to light the buried secrets of their middle-class Zambian family.",en,Susan Chardy as Shula | Elizabeth Chisela as Nsansa | Esther Singini as Bupe | Blessings Bhamjee as Young Shula | Doris Naulapwa as Shula's Mother | Henry B.J. Phiri as Shula's Father | Roy Chisha as Uncle Fred | Benson Mumba as Joseph | Chungu Bwalya as Farm Club Presenter 1 | Margaret Mulubwa as Farm Club Presenter 2,1082938
Finding Nemo,https://cinejoy.to/movie/12-finding-nemo-2003,https://image.tmdb.org/t/p/w500/eHuGQ10FUzK1mdOY69wF5pGgEf5.jpg,2003-05-30,7.821,100,,Andrew Stanton,"Nemo, an adventurous young clownfish, is unexpectedly taken from his Great Barrier Reef home to a dentist's office aquarium. It's up to his worrisome father Marlin and a friendly but forgetful fish Dory to bring Nemo home -- meeting vegetarian sharks, surfer dude turtles, hypnotic jellyfish, hungry seagulls, and more along the way.",en,Albert Brooks as Marlin (voice) | Ellen DeGeneres as Dory (voice) | Alexander Gould as Nemo (voice) | Willem Dafoe as Gill (voice) | Geoffrey Rush as Nigel (voice) | Brad Garrett as Bloat (voice) | Allison Janney as Peach (voice) | Austin Pendleton as Gurgle (voice) | Stephen Root as Bubbles (voice) | Vicki Lewis as Deb / Flo (voice),12
How to Train Your Dragon,https://cinejoy.to/movie/10191-how-to-train-your-dragon-2010,https://image.tmdb.org/t/p/w500/ygGmAO60t8GyqUo9xYeYxSZAR3b.jpg,2010-03-18,7.867,98,,Chris Sanders,"As the son of a Viking leader on the cusp of manhood, shy Hiccup Horrendous Haddock III faces a rite of passage: he must kill a dragon to prove his warrior mettle. But after downing a feared dragon, he realizes that he no longer wants to destroy it, and instead befriends the beast – which he names Toothless – much to the chagrin of his warrior father.",en,Jay Baruchel as Hiccup (voice) | Gerard Butler as Stoick (voice) | Craig Ferguson as Gobber (voice) | America Ferrera as Astrid (voice) | Jonah Hill as Snotlout (voice) | Christopher Mintz-Plasse as Fishlegs (voice) | T.J. Miller as Tuffnut (voice) | Kristen Wiig as Ruffnut (voice) | Robin Atkin Downes as Ack (voice) | Philip McGrade as Starkard (voice),10191
Lady Bird,https://cinejoy.to/movie/391713-lady-bird-2017,https://image.tmdb.org/t/p/w500/gl66K7zRdtNYGrxyS2YDUP5ASZd.jpg,2017-09-01,7.248,94,,Greta Gerwig,"Lady Bird McPherson, a strong willed, deeply opinionated, artistic 17 year old comes of age in Sacramento. Her relationship with her mother and her upbringing are questioned and tested as she plans to head off to college.",en,Saoirse Ronan as Lady Bird McPherson | Laurie Metcalf as Marion McPherson | Tracy Letts as Larry McPherson | Lucas Hedges as Danny O'Neill | Timothée Chalamet as Kyle Sheible | Beanie Feldstein as Julie Steffans | Lois Smith as Sister Sarah Joan | Stephen McKinley Henderson as Father Leviatch | Odeya Rush as Jenna Walton | Jordan Rodrigues as Miguel McPherson,391713
Paddington 2,https://cinejoy.to/movie/346648-paddington-2-2017,https://image.tmdb.org/t/p/w500/1OJ9vkD5xPt3skC6KguyXAgagRZ.jpg,2017-11-05,7.486,104,,Paul King,"Paddington, now happily settled with the Browns, picks up a series of odd jobs to buy the perfect present for his Aunt Lucy, but it is stolen.",en,Ben Whishaw as Paddington Brown (voice) | Sally Hawkins as Mary Brown | Hugh Bonneville as Henry Brown | Madeleine Harris as Judy Brown | Samuel Joslin as Jonathan Brown | Julie Walters as Mrs. Bird | Hugh Grant as Phoenix Buchanan | Imelda Staunton as Aunt Lucy (voice) | Brendan Gleeson as Knuckles McGinty | Jim Broadbent as Samuel Gruber,346648
Shaun the Sheep Movie,https://cinejoy.to/movie/263109-shaun-the-sheep-movie-2015,https://image.tmdb.org/t/p/w500/1GMvKNy2Ht5QwI0oV0ycYnxzWdC.jpg,2015-02-05,6.986,85,,Mark Burton,"When Shaun decides to take the day off and have some fun, he gets a little more action than he bargained for. A mix up with the Farmer, a caravan and a very steep hill lead them all to the Big City and it's up to Shaun and the flock to return everyone safely to the green grass of home.",en,Justin Fletcher as Shaun / Timmy (voice) | John Sparkes as Bitzer / The Farmer (voice) | Omid Djalili as Trumper (voice) | Rich Webber as Shirley (voice) | Kate Harbour as Timmy's Mum / Meryl (voice) | Tim Hands as Slip (voice) | Simon Greenall as Twins (voice) | Andy Nyman as Nuts (voice) | Emma Tate as Hazel (voice) | Jack Paulson as Celebrity with Hair Trouble (voice),263109
Selma,https://cinejoy.to/movie/273895-selma-2014,https://image.tmdb.org/t/p/w500/2QyUcitU0hrxy6B2zkyJ0EhNlqm.jpg,2014-12-25,7.367,128,,Ava DuVernay,"""Selma,"" as in Alabama, the place where segregation in the South was at its worst, leading to a march that ended in violence, forcing a famous statement by President Lyndon B. Johnson that ultimately led to the signing of the Voting Rights Act.",en,"David Oyelowo as Dr. Martin Luther King, Jr. | Carmen Ejogo as Coretta Scott King | Tom Wilkinson as President Lyndon B. Johnson | Giovanni Ribisi as Lee White | Tim Roth as Gov. George Wallace | André Holland as Andrew Young | Colman Domingo as Ralph Abernathy | Common as James Bevel | Stephan James as John Lewis | Omar J. Dorsey as James Orange",273895
Starred Up,https://cinejoy.to/movie/209276-starred-up-2014,https://image.tmdb.org/t/p/w500/cy0A9BUQoL7daCBVFRyyWecoeyu.jpg,2014-03-21,7.079,106,,David Mackenzie,"19-year-old Eric, arrogant and ultra-violent, is prematurely transferred to the same adult prison facility as his estranged father. As his explosive temper quickly finds him enemies in both prison authorities and fellow inmates — and his already volatile relationship with his father is pushed past breaking point — Eric is approached by a volunteer psychotherapist, who runs an anger management group for prisoners. Torn between gang politics, prison corruption, and a glimmer of something better, Eric finds himself in a fight for his own life, unsure if his own father is there to protect him or join in punishing him.",en,Jack O'Connell as Eric Love | Ben Mendelsohn as Neville Love | Rupert Friend as Oliver Baumer | David Ajala as Tyrone | Peter Ferdinando as Spencer | Gershwyn Eustache Jnr as Des | Anthony Welsh as Hassan | David Avery as Ashley | Sian Breckin as Governor Cardew | Sam Spruell as Deputy Governor Haynes,209276
Things to Come,https://cinejoy.to/movie/374465-things-to-come-2016,https://image.tmdb.org/t/p/w500/6MAAJJ51y2RUa1gvvVje4s0FB7W.jpg,2016-04-06,6.506,102,,Mia Hansen-Løve,"Nathalie teaches philosophy at a high school in Paris. She is passionate about her job and particularly enjoys passing on the pleasure of thinking. Married with two children, she divides her time between her family, former students and her very possessive mother. One day, Nathalie’s husband announces he is leaving her for another woman. With freedom thrust upon her, Nathalie must reinvent her life.",fr,Isabelle Huppert as Nathalie Chazeaux | André Marcon as Heinz | Roman Kolinka as Fabien | Édith Scob as Yvette | Sarah Le Picard as Chloé | Solal Forte as Johann | Élise Lhomeau as Elsa | Lionel Dray as Hugo | Yves Heck as Daniel | Grégoire Montana-Haroche as Simon (élève lycée),374465
The Lady Eve,https://cinejoy.to/movie/3086-the-lady-eve-1941,https://image.tmdb.org/t/p/w500/lJYD3CMgKtv12hazSHc7xt3i2uq.jpg,1941-02-25,7.257,97,,Preston Sturges,"It's no accident when wealthy Charles falls for Jean. Jean is a con artist with her sights set on Charles' fortune. Matters complicate when Jean starts falling for her mark. When Charles suspects Jean is a gold digger, he dumps her. Jean, fixated on revenge and still pining for the millionaire, devises a plan to get back in Charles' life. With love and payback on her mind, she re-introduces herself to Charles, this time as an aristocrat named Lady Eve Sidwich.",en,Barbara Stanwyck as Jean Harrington | Henry Fonda as Charles Pike | Charles Coburn as 'Colonel' Harrington | Eugene Pallette as Horace Pike | William Demarest as Muggsy | Eric Blore as Sir Alfred McGlennan Keith | Melville Cooper as Gerald | Martha O'Driscoll as Martha | Janet Beecher as Janet Pike | Robert Greig as Burrows,3086
Blow the Man Down,https://cinejoy.to/movie/586451-blow-the-man-down-2019,https://image.tmdb.org/t/p/w500/AgxDU9Vp0R6RIV6jpmQ4JrTcZzv.jpg,2019-04-26,6.232,90,,Bridget Savage Cole,"While grieving for the loss of their mother, the Connolly sisters suddenly find they have a crime to cover up, leading them deep into the underbelly of their salty Maine fishing village.",en,Morgan Saylor as Mary Beth Connolly | Sophie Lowe as Priscilla Connolly | Margo Martindale as Enid Nora Devlin | June Squibb as Susie Gallagher | Annette O'Toole as Gail Maguire | Marceline Hugot as Doreen Burke | Gayle Rankin as Alexis | Will Brittain as Officer Justin Brennan | Skipp Sudduth as Officer Coletti | Ebon Moss-Bachrach as Gorski,586451
Eighth Grade,https://cinejoy.to/movie/489925-eighth-grade-2018,https://image.tmdb.org/t/p/w500/xTa9cLhGHfQ7084UvoPQ2bBXKqd.jpg,2018-01-19,7.142,94,,Bo Burnham,Thirteen-year-old Kayla endures the tidal wave of contemporary suburban adolescence as she makes her way through the last week of middle school — the end of her thus far disastrous eighth grade year — before she begins high school.,en,Elsie Fisher as Kayla Day | Josh Hamilton as Mark Day | Emily Robinson as Olivia | Jake Ryan as Gabe | Daniel Zolghadri as Riley | Fred Hechinger as Trevor | Imani Lewis as Aniyah | Luke Prael as Aiden | Catherine Oliviere as Kennedy | Nora Mullins as Steph,489925
Never Rarely Sometimes Always,https://cinejoy.to/movie/595671-never-rarely-sometimes-always-2020,https://image.tmdb.org/t/p/w500/7yiSyQhhjTFphhfCUcn05tCQxyG.jpg,2020-03-13,7.126,101,,Eliza Hittman,A pair of teenage girls in rural Pennsylvania travel to New York City to seek out medical help after an unintended pregnancy.,en,Sidney Flanigan as Autumn | Talia Ryder as Skylar | Théodore Pellerin as Jasper | Ryan Eggold as Ted | Sharon Van Etten as Mother | Eliazar Jimenez as Elvis Impersonator | David Buneta as Clean Cut Teenage Boy | Christian Clements as Clean Cut Teenage Boy | Sam Dugger as Clean Cut Teenage Boy | Aurora Richards as Little Sister,595671
